POP,#CHROM,POS,REF,ALT,GENE,MUT,TYPE,ANC,60,120,180,240,300,360,420,480,540,600,660,720,780,840,900,960,1020,1080,1140,1200,1260,1320,1380,1440,
w1,chrI,146689,G,A,VPS8,Non,G-->S,0,,0.006711409,,0,,0,,0.027777778,,,,0,,0.12195122,,0.136363636,,0.105263158,,,,0.038461538,,0.015544041,
w1,chrII,41603,T,G,BRN1,Non,I-->R,0,,0.006329114,,0,,0,,0,,,,0,,0.098958333,,0.109243697,,0,,,,0.023809524,,0.01,
w1,chrII,111327,A,G,,Intergenic,,0,,0,,0.050632911,,0.18,,0.105263158,,,,0.031007752,,0.043478261,,0.016129032,,0.033333333,,,,0.042553191,,0.059171598,
w1,chrII,309609,A,G,CSG2,non,S-->P,0,,0,,0,,0,,0,,,,0,,0.251612903,,0.254545455,,0.111111111,,,,0.107142857,,0.246987952,
w1,chrII,418624,A,T,,Intergenic,,0,,0,,0,,0.136363636,,0.135135135,,,,0.01369863,,0.008403361,,0,,0,,,,0,,0,
w1,chrII,523149,A,C,IRA1,non,V-->G,0,,0,,0,,0,,0,,,,0.006097561,,0.158730159,,0.283185841,,0,,,,0.096774194,,0.174418605,
w1,chrII,602176,T,C,PCH2,NON,S-->P,0,,0,,0,,0,,0,,,,0,,0.085271318,,0.120879121,,0.02173913,,,,0.083333333,,0.033333333,
w1,chrIII,83053,C,T,,Intergenic,,0,,0.051948052,,0.1,,0.142857143,,0,,,,0,,0.063829787,,0.024390244,,0.176470588,,,,0.090909091,,0.1,
w1,chrIV,96497,G,T,ACK1,Non,Q-->K,0,,0,,0,,0.088235294,,0.108108108,,,,0.020833333,,0.386666667,,0.223776224,,0.06,,,,0.111111111,,0.095505618,
w1,chrIV,339702,G,C,SYO1,Non,Q-->E,0,,0,,0,,0,,0,,,,0,,0,,0,,0.1,,,,0,,0.119791667,
w1,chrIV,367318,AG,A,STP4,Non,FS,0,,0,,0,,0.078947368,,0.114285714,,,,0.024793388,,0.768211921,,0.60952381,,0.3,,,,0.16,,0.494736842,
w1,chrIV,538744,A,G,,Intergenic,,0,,0.078651685,,0.1,,0,,0.2,,,,0,,0.023255814,,0.125,,0.05,,,,0,,0.063829787,
w1,chrIV,1290960,A,T,SIZ1,Non,K-->*,0,,0.03125,,0,,0,,0,,,,0,,0.028571429,,0.111111111,,0.153846154,,,,0,,0,
w1,chrIV,1385479,A,C,,Intergenic,,0,,0.03,,0.043478261,,0,,0.052631579,,,,0.019230769,,0.011494253,,0.139534884,,0.071428571,,,,0.025,,0.04,
w1,chrV,65321,T,C,,Intergenic,,0,,0,,0.076923077,,0.111111111,,0.125,,,,0.064516129,,0.016129032,,0.074074074,,0,,,,0,,0.037735849,
w1,chrV,209561,C,A,GAL83,Non,D-->Y,0,,0.01875,,0.068965517,,0.228070175,,0.075,,,,0.355704698,,0.386075949,,0.164948454,,0.590909091,,,,0.25,,0.402366864,
w1,chrV,243788,T,G,YER046W-A,Non,Y-->D,0,,0.03030303,,0.03030303,,0.125,,0.052631579,,,,0.041666667,,0.01369863,,0.058823529,,0,,,,0.117647059,,0,
w1,chrV,352448,G,T,SHC1,Non,V-->L,0,,0,,0.023809524,,0,,0,,,,0,,0.144578313,,0.157407407,,0,,,,0,,0,
w1,chrV,420793,G,A,,Intergenic,,0,,0.037735849,,0,,0.142857143,,0,,,,0,,0,,0.117647059,,0.052631579,,,,0,,0.033333333,
w1,chrV,431643,T,TTC,,Intergenic,,0,,0,,0,,0.107142857,,0.096774194,,,,0.074074074,,0.118181818,,0.066666667,,0.111111111,,,,0.045454545,,0.142857143,
w1,chrVI,18740,A,G,,Intergenic,,0,,0,,0,,0,,0,,,,0,,0.094444444,,0.184782609,,0,,,,0,,0.021857923,
w1,chrVII,7157,A,G,,Intergenic,,0,,0.096153846,,0.090909091,,0.0625,,0.1,,,,0.056603774,,0.046875,,0.05,,0.060606061,,,,0,,0.109756098,
w1,chrVII,89665,G,GA,,Intergenic,,0,,0,,0.111111111,,0,,0,,,,0.111111111,,0,,0,,0,,,,0,,0,
w1,chrVII,467445,A,AC,PUF4,Non,FS,0,,0.008695652,,0,,0,,0.044444444,,,,0,,0.314685315,,0.228813559,,0.184210526,,,,0.038461538,,0.231788079,
w1,chrVII,701180,G,T,,Intergenic,,0,,0.148148148,,0.153846154,,0,,0.142857143,,,,0.230769231,,0.086956522,,0.08,,0.285714286,,,,0.5,,0.25,
w1,chrVII,808404,T,A,,Intergenic,,0,,0.027027027,,0.272727273,,0,,0.111111111,,,,0.216216216,,0.084507042,,0.081081081,,0.222222222,,,,0.133333333,,0.096153846,
w1,chrVII,845158,G,C,,Intergenic,,0,,0,,0,,0.163636364,,0.25,,,,0.113636364,,0.089005236,,0.105633803,,0.085106383,,,,0.222222222,,0.047619048,
w1,chrVII,1007162,C,A,MTM1,Non,Q-->H,0,,0,,0.027777778,,0.107142857,,0.05,,,,0.08490566,,0.082417582,,0.075630252,,0.157894737,,,,0.142857143,,0.13963964,
w1,chrVIII,515524,C,T,SET5,Non,C-->Y,0,,0,,0,,0.023255814,,0.081081081,,,,0,,0.154589372,,0.157534247,,0.031746032,,,,0.057142857,,0.028455285,
w1,chrIX,104681,G,A,ASG1,Non,G-->S,0,,0,,0,,0.021276596,,0,,,,0.024590164,,0.183908046,,0.171171171,,0.105263158,,,,0,,0.156626506,
w1,chrIX,129219,G,T,SIM1,Non,V-->F,0,,0.041666667,,0.085714286,,0.378378378,,0.636363636,,,,0.257731959,,0.41588785,,0.517241379,,0.476923077,,,,0.5625,,0.514851485,
w1,chrIX,348900,G,A,,Intergenic,,0,,0,,0.054794521,,0,,0.071428571,,,,0.058139535,,0.173652695,,0.150793651,,0.14516129,,,,0.09375,,0.225609756,
w1,chrX,171334,G,A,URA2,Non,H-->Y,0,,0.02919708,,0.051724138,,0.734693878,,0.842105263,,,,0.59047619,,0.505494505,,0.525179856,,0.630434783,,,,0.931034483,,0.505813953,
w1,chrXI,39325,G,T,UBA1,Non,V-->F,0,,0,,0,,0.074074074,,0.090909091,,,,0.064102564,,0.24025974,,0.24,,0.161290323,,,,0,,0.157894737,
w1,chrXI,129044,G,T,NNK1,Non,C-->F,0,,0,,0,,0.054054054,,0.069767442,,,,0.009259259,,0.087209302,,0.101449275,,0.136363636,,,,0.05,,0.139664804,
w1,chrXI,184506,A,C,CTK1,Non,N-->H,0,,0.034482759,,0,,0,,0.210526316,,,,0.142857143,,0.048780488,,0,,0.090909091,,,,0,,0,
w1,chrXI,244428,C,G,GFA1,Non,D-->H,0,,0.006849315,,0,,0.051282051,,0.021276596,,,,0,,0.43030303,,0.294117647,,0.372881356,,,,0.115384615,,0.589285714,
w1,chrXI,379692,T,A,,tV(AAC)K2,"Valine tRNA (tRNA-Val), predicted by tRNAscan-SE analysis",0,,0.114754098,,0,,0.142857143,,0.037037037,,,,0.022222222,,0.076923077,,0.076923077,,0.0625,,,,0.166666667,,0.050505051,
w1,chrXI,382556,T,C,YKL030W,Syn,,0,,0,,0.05,,0,,0,,,,0.043478261,,0,,0.148148148,,0,,,,0,,0,
w1,chrXI,613166,C,G,SRP40,Non,S-->T,0,,0,,0.5,,0.2,,0,,,,0.0625,,0.025641026,,0,,0,,,,0,,0,
w1,chrXI,666712,T,TG,,Intergenic,TEL11R,0,,0,,0,,0,,0,,,,0,,0.2,,0.111111111,,0,,,,0.5,,0.111111111,
w1,chrXII,451364,A,G,,Intergenic,,0,,0,,0.1,,0,,0,,,,0,,0,,0.222222222,,0.166666667,,,,0,,0.130434783,
w1,chrXII,556835,TA,T,HRD3,Non,FS,0,,0.012269939,,0.136363636,,1,,1,,,,0.976377953,,0.994350282,,1,,1,,,,1,,1,
w1,chrXII,556841,C,G,HRD3,Non,A-->G,0,,0.005780347,,0.1125,,1,,1,,,,0.972477064,,0.975,,0.988235294,,1,,,,1,,0.98013245,
w1,chrXII,751206,C,A,IMH1,Non,A-->S,0,,0.010416667,,0,,0,,0,,,,0,,0.130434783,,0.208333333,,0,,,,0,,0.016129032,
w1,chrXII,807570,C,A,SPO77,Non,R-->S,0,,0.006711409,,0,,0,,0,,,,0.009090909,,0.163934426,,0.137931034,,0.1,,,,0.105263158,,0.157635468,
w1,chrXII,811100,T,G,FKS1,Non,Y-->D,0,,0,,0,,0,,0,,,,0,,0.171597633,,0.153153153,,0.15625,,,,0,,0.142857143,
w1,chrXII,813047,G,A,FKS1,Non,E-->K,0,,0,,0,,0,,0.147058824,,,,0,,0.251612903,,0.333333333,,0.103448276,,,,0.1,,0.308176101,
w1,chrXII,1037040,C,A,LEU3,Non,D-->E,0,,0.006060606,,0,,0.026315789,,0.113636364,,,,0,,0.818181818,,0.708860759,,0.596153846,,,,0.170212766,,0.844559585,
w1,chrXIII,156978,T,G,NTE1,Non,T-->P,0,,0,,0,,0.053571429,,0.068181818,,,,0.007751938,,0.438423645,,0.327868852,,0.209302326,,,,0.105263158,,0.529126214,
w1,chrXIII,699156,G,T,SKY1,Non,P-->Q,0,,0.023076923,,0.871794872,,1,,1,,,,0.990384615,,0.946745562,,0.988235294,,0.966666667,,,,1,,0.99382716,
w1,chrXIII,858728,A,G,YMR295C,Non,F-->S,0,,0,,0,,0.166666667,,0.058823529,,,,0,,0.150289017,,0.208333333,,0.212765957,,,,0.166666667,,0.10326087,
w1,chrXIII,917179,A,G,,Intergenic,,0,,0.133333333,,0,,0,,0,,,,0.333333333,,0.222222222,,0.285714286,,0,,,,0,,0,
w1,chrXIV,96623,A,G,,Intergenic,,0,,0.133333333,,0.25,,0,,0,,,,0,,0.166666667,,0,,0.111111111,,,,0,,0.111111111,
w1,chrXIV,174276,G,T,NRD1,Syn,,0,,0.017857143,,0,,0.371428571,,0.722222222,,,,0.234042553,,0.888888889,,0.893129771,,0.85106383,,,,0.714285714,,0.805882353,
w1,chrXIV,594314,C,T,HDA1,Non,S-->F,0,,0.005434783,,0.049180328,,0.142857143,,0.2,,,,0.071428571,,0.160377358,,0.090909091,,0.163636364,,,,0.25,,0.191256831,
w1,chrXV,415119,G,A,DBP5,Syn,,0,,0,,0,,0,,0,,,,0.040540541,,0.013333333,,0,,0.142857143,,,,0.08,,0.111111111,
w1,chrXV,435149,G,A,ASE1,Syn,,0,,0,,0,,0,,0,,,,0.042857143,,0.082802548,,0.100917431,,0.027777778,,,,0.25,,0.01875,
w1,chrXV,537064,T,G,,Intergenic,,0,,0.018181818,,0.153846154,,0.2,,0,,,,0,,0,,0.034482759,,0.066666667,,,,0,,0,
w1,chrXV,537066,T,G,,Intergenic,,0,,0.019230769,,0.083333333,,0.25,,0,,,,0,,0,,0.041666667,,0.153846154,,,,0,,0,
w1,chrXV,537068,T,C,,Intergenic,,0,,0.039215686,,0,,0.25,,0,,,,0,,0,,0.041666667,,0.181818182,,,,0,,0,
w1,chrXV,885850,G,T,ISW2,Non,R-->I,0,,0,,0.01754386,,0.035087719,,0,,,,0.018018018,,0.190697674,,0.185483871,,0.035087719,,,,0.054054054,,0.033492823,
w1,chrXVI,185615,G,A,NAB3,Non,P-->L,0,,0.00621118,,0,,0.114285714,,0.238095238,,,,0,,0.227488152,,0.267716535,,0.181818182,,,,0.206896552,,0.236947791,
w1,chrXVI,613889,C,T,CCL1,Non,D-->N,0,,0.004651163,,0.017857143,,0,,0.022727273,,,,0.014705882,,0.209039548,,0.277173913,,0.04,,,,0.090909091,,0.088983051,
w1,chrXVI,743462,G,T,RPN7,Non,V-->F,0,,0,,0.044444444,,0.578947368,,0.594594595,,,,0.5625,,0.381578947,,0.35483871,,0.634146341,,,,0.366666667,,0.557142857,
w1,chrXVI,894456,G,A,HDA3,Non,Q-->*,0,,0.049382716,,0.090909091,,0.4,,0.311111111,,,,0.245098039,,0.066666667,,0.087378641,,0.1,,,,0,,0.147540984,
w1,chrXVI,897725,A,C,SEC23,Non,V-->G,0,,0.01875,,0,,0.020408163,,0.069767442,,,,0.017391304,,0.409756098,,0.462809917,,0.396551724,,,,0.162162162,,0.476470588,
w2,chrIV,341398,TC,T,,Intergenic,,0,,,,,,,,,,,,0,,,,,,,,,,,,0.383561644,
w2,chrVII,985832,TC,T,,Intergenic,,0,,,,,,,,,,,,0,,,,,,,,,,,,0.342105263,
w2,chrX,745667,TGTG,T,TEL 10R,Intergenic,,0,,,,,,,,,,,,0,,,,,,,,,,,,0.9,
w2,chrXIII,256057,G,GTA,,Intergenic,,0,,,,,,,,,,,,0,,,,,,,,,,,,0.806451613,
w2,chrIII,278915,C,T,MSH3,non,GLY - ARG,0,,,,,,,,,,,,0,,,,,,,,,,,,0.965217391,
w2,chrVII,481000,T,G,PMA2,non,LEU TO PHE,0,,,,,,,,,,,,0,,,,,,,,,,,,1,
w2,chrXI,222503,TG,T,PRR1,non,FS,0,,,,,,,,,,,,0,,,,,,,,,,,,0.375,
w2,chrXI,641692,G,T,SIR1,non,STOP ,0,,,,,,,,,,,,0,,,,,,,,,,,,0.988235294,
w2,chrXIII,218062,GC,G,USA1,non,FS,0,,,,,,,,,,,,0,,,,,,,,,,,,0.450549451,
w2,chrXIII,363986,T,TC,NUP116,NON,FS,0,,,,,,,,,,,,0,,,,,,,,,,,,0.5,
w2,chrXIII,518353,G,A,STO1,NON,ODD FRAME,0,,,,,,,,,,,,0,,,,,,,,,,,,0.393939394,
w2,chrXIV,391354,AG,A,ESBP6,NON,FS,0,,,,,,,,,,,,0,,,,,,,,,,,,0.390243902,
w2,chrXVI,856964,G,T,ALA TRNA,non,,0,,,,,,,,,,,,0,,,,,,,,,,,,0.95,
w2,chrII,2629,CT,C,YBL113C,Non,FS,0,,,,,,,,,,,,0,,,,,,,,,,,,1,
w2,chrII,779844,T,TACA,SNF5,Non,inframe_indel,0,,,,,,,,,,,,0,,,,,,,,,,,,0.367647059,
w2,chrXV,399444,C,G,SHE4,Non,G-->R,0,,,,,,,,,,,,0,,,,,,,,,,,,1,
w3,chrII,165879,G,T,,Intergenic,,0,0,0,0.125,0,0,0,0,0,0,0.1,0,0.04,,0,0,0,0,0,0,,,0.045454545,,0.071428571,
w3,chrII,165890,C,T,,Intergenic,,0,0,0,0.166666667,0.071428571,0,0,0,0,0.090909091,0.157894737,0.083333333,0.090909091,,0,0.066666667,0.111111111,0.1,0.066666667,0.1875,,,0.095238095,,0.041666667,
w3,chrII,165891,A,T,,Intergenic,,0,0,0,0.222222222,0.142857143,0,0,0,0,0,0.176470588,0.090909091,0.1,,0,0.066666667,0.111111111,0.1,0.076923077,0.1875,,,0.111111111,,0.043478261,
w3,chrII,165893,G,T,,Intergenic,,0,0,0,0.222222222,0.142857143,0,0,0,0,0.1,0.176470588,0.1,0.1,,0,0.066666667,0.111111111,0.1,0.166666667,0.1875,,,0.117647059,,0.086956522,
w3,chrII,238290,T,A,,Intergenic,,0,0.066666667,0.071428571,0,0,0.083333333,0,0.041666667,0.076923077,0.2,0,0.076923077,0.043478261,,0,0.210526316,0,0,0,0,,,0.222222222,,0,
w3,chrII,238291,T,G,,Intergenic,,0,0.0625,0.071428571,0,0,0.071428571,0,0.041666667,0.066666667,0.2,0,0.076923077,0.043478261,,0,0.210526316,0,0,0,0,,,0.222222222,,0,
w3,chrII,307297,G,A,,Intergenic,,0,0.034883721,0,0.010752688,0.05,0,0,0.022988506,0.028571429,0,0.04494382,0,0.013100437,,0.127659574,0.179775281,0.173913043,0.08,0.102040816,0.081967213,,,0.087912088,,0.090534979,
w3,chrII,353616,T,C,,Intergenic,,0,0.105263158,0,0.222222222,0,0.111111111,0,0.066666667,0,0,0,0.090909091,0,,0,0.055555556,0,0,0,0.1,,,0,,0,
w3,chrII,353618,T,C,,Intergenic,,0,0.19047619,0,0.125,0,0.222222222,0,0.125,0,0,0.142857143,0.166666667,0,,0,0,0,0.4,0.066666667,0.1,,,0.055555556,,0,
w3,chrII,353620,T,C,,Intergenic,,0,0.277777778,0,0,0.333333333,0.142857143,0,0.1875,0,0,0.142857143,0.1,0.0625,,0.066666667,0,0,0.4,0.076923077,0,,,0,,0,
w3,chrII,549176,T,G,,Intergenic,,0,0,0,0,0,0,0,0,0.033333333,0,0,0.015873016,0.024539877,,0.015151515,0.028169014,0.179487179,0.153846154,0.033333333,0.094736842,,,0.096774194,,0.056818182,
w3,chrII,561203,G,T,,Intergenic,,0,0,0,0,0.029411765,0.108695652,0.090909091,0.026315789,0,0,0.027027027,0.022222222,0.032967033,,0.057142857,0.024390244,0.2,0,0.023809524,0.020833333,,,0,,0.017241379,
w3,chrIII,84263,A,C,,Intergenic,,0,0.04,0.095238095,0.041666667,0.058823529,0,0,0.086956522,0.0625,0.133333333,0.032258065,0.111111111,0.076923077,,0.090909091,0.1875,0.055555556,0.210526316,0.137931034,0.1,,,0,,0.0625,
w3,chrIII,148630,T,C,SRD1,Non,T-->A,0,0,0,0,0,0,0,0.142857143,0,0,0.125,0,0.071428571,,0.166666667,0,0,0,0,0,,,0,,0,
w3,chrIII,148632,T,A,SRD1,Non,K-->I,0,0,0,0,0,0,0,0.142857143,0,0.25,0,0,0.083333333,,0,0,0,0,0,0,,,0,,0,
w3,chrIV,56998,A,G,,Intergenic,,0,0,0,0.2,0.105263158,0.2,0,0.1875,0.166666667,0.222222222,0.214285714,0.117647059,0,,0.090909091,0,0.117647059,0,0.214285714,0,,,0,,0,
w3,chrIV,57002,A,C,,Intergenic,,0,0.071428571,0,0.166666667,0.071428571,0.181818182,0,0.166666667,0.25,0.166666667,0.153846154,0.083333333,0,,0.142857143,0,0.090909091,0,0.230769231,0,,,0,,0,
w3,chrIV,149163,T,C,,Intergenic,,0,0,0,0,0,0.166666667,0,0,0.111111111,0.125,0,0,0,,0.25,0.333333333,0,0,0.090909091,0.125,,,0,,0.105263158,
w3,chrIV,149165,A,G,,Intergenic,,0,0,0,0,0,0.166666667,0,0,0.111111111,0.1,0,0,0,,0.2,0.333333333,0,0,0.142857143,0.125,,,0,,0.047619048,
w3,chrIV,150123,A,C,GLT1,Non,D-->E,0,0,0,0,0.127906977,0.009090909,0,0.043010753,0.126436782,0.088235294,0.036585366,0.056338028,0.064,,0.2109375,0.096774194,0.185185185,0.21875,0.121495327,0.131944444,,,0.11627907,,0.125,
w3,chrIV,323694,A,C,,Intergenic,,0,0.044444444,0.045454545,0.129032258,0.097560976,0.08,0,0.0625,0.03030303,0.12,0.028571429,0,0,,0.136363636,0.051282051,0.052631579,0.073170732,0,0.083333333,,,0.057142857,,0.02020202,
w3,chrIV,329650,T,G,,Intergenic,,0,0.08,0.04,0.2,0.111111111,0.105263158,0.166666667,0.09375,0.055555556,0.095238095,0.095238095,0.045454545,0.117647059,,0.060606061,0.047619048,0.128205128,0.068965517,0.142857143,0.176470588,,,0.128205128,,0.038461538,
w3,chrIV,336235,T,G,,Intergenic,,0,0.081081081,0.0625,0.055555556,0.060606061,0.038461538,0.055555556,0.111111111,0.066666667,0.076923077,0.057142857,0.0625,0.026548673,,0.027027027,0.060606061,0.03030303,0,0.02173913,0.053571429,,,0.043478261,,0.02994012,
w3,chrIV,367929,T,C,STP4,Non,I-->V,0,0.044642857,0,0,0.012820513,0,0,0.021505376,0.071428571,0.066666667,0.060240964,0.011904762,0.134615385,,0.142857143,0.114285714,0.109090909,0.19047619,0.1,0.232758621,,,0.166666667,,0.105726872,
w3,chrIV,538750,A,C,,Intergenic,,0,0.05,0.047619048,0.052631579,0,0,0,0,0.086956522,0.333333333,0.095238095,0.04,0,,0.066666667,0.090909091,0.027027027,0.032258065,0,0.0625,,,0.074074074,,0,
w3,chrIV,539029,G,T,,Intergenic,,0,0,0,0,0,0,0,0,0,0,0.012658228,0.058823529,0.0125,,0,0.0625,0.102941176,0.071428571,0.118421053,0.173553719,,,0.14516129,,0.205128205,
w3,chrIV,778746,A,C,,Intergenic,,0,0,0,0,0,0.060606061,0,0.0625,0.038461538,0.111111111,0.090909091,0.034482759,0.019607843,,0.105263158,0.1,0.054054054,0.047619048,0.027027027,0.03125,,,0,,0.011764706,
w3,chrIV,794696,C,T,YDR169C-A,Non,M-->I,0,0,0,0,0,0,0,0,0,0,0,0,0.007194245,,0.064516129,0.04,0.041666667,0.045454545,0.041666667,0.138461538,,,0.0625,,0.114649682,
w3,chrIV,840090,A,T,SLY1,Non,D-->V,0,0,0,0,0,0,0,0,0.016666667,0.021276596,0,0.020408163,0.075144509,,0.074074074,0.175824176,0.103448276,0.06557377,0.102272727,0.145299145,,,0.128205128,,0.163636364,
w3,chrIV,864879,A,C,,Intergenic,,0,0.222222222,0.0625,0.2,0.363636364,0,0,0.227272727,0,0,0.045454545,0.0625,0,,0.0625,0.05,0.25,0.1875,0,0,,,0,,0.066666667,
w3,chrIV,864881,A,C,,Intergenic,,0,0.235294118,0.058823529,0.142857143,0,0,0,0.047619048,0,0.083333333,0,0,0,,0,0,0.071428571,0,0.055555556,0.066666667,,,0.043478261,,0.0625,
w3,chrIV,864894,A,C,,Intergenic,,0,0.111111111,0.076923077,0,0,0.166666667,0,0.083333333,0,0,0,0.333333333,0,,0,0,0.1,0,0,0,,,0,,0,
w3,chrIV,1025761,A,G,GCN2,Non,S-->P,0,0.109756098,0,0.013157895,0.148148148,0.012048193,0,0.132352941,0.152173913,0.148148148,0.288135593,0.273972603,0.224358974,,0.370967742,0.313432836,0.239130435,0.378378378,0.328571429,0.361702128,,,0.275862069,,0.259911894,
w3,chrIV,1164348,A,T,HXT3,Non,Y-->N,0,0,0,0,0.00990099,0,0.03030303,0,0,0,0,0.013888889,0.025641026,,0.015625,0.032967033,0.040816327,0.163636364,0.166666667,0.073684211,,,0.044776119,,0.065656566,
w3,chrIV,1164350,C,G,HXT3,Non,S-->T,0,0,0.011627907,0.01369863,0.009708738,0.012820513,0,0,0,0.032786885,0.009433962,0.027777778,0.025974026,,0.014705882,0.085106383,0.06,0.181818182,0.175675676,0.072916667,,,0.074626866,,0.070351759,
w3,chrIV,1164373,G,A,HXT3,Syn,,0,0,0,0,0,0.012195122,0,0.037037037,0,0,0,0.012195122,0.039215686,,0.028985507,0.05,0.08,0.14516129,0.236111111,0.103092784,,,0.044776119,,0.085714286,
w3,chrIV,1164382,C,G,HXT3,Non,L-->F,0,0,0.011764706,0,0,0.011764706,0,0,0,0,0,0.012820513,0.026315789,,0.028169014,0.068627451,0.081632653,0.147540984,0.246575342,0.105263158,,,0.044117647,,0.081447964,
w3,chrIV,1164384,A,T,HXT3,Non,L-->M,0,0,0,0,0,0,0,0,0.018518519,0,0,0.012820513,0.032894737,,0.028571429,0.067961165,0.081632653,0.14516129,0.253521127,0.095744681,,,0.044117647,,0.085972851,
w3,chrIV,1164391,A,G,HXT3,Syn,,0,0,0,0,0,0,0,0,0,0,0,0,0.026315789,,0.028985507,0.08,0.085106383,0.160714286,0.260869565,0.096774194,,,0.045454545,,0.087155963,
w3,chrIV,1206723,T,A,,Intergenic,,0,0,0.058823529,0.1,0.125,0.142857143,0,0,0.25,0,0.055555556,0,0.071428571,,0.2,0.214285714,0.076923077,0.166666667,0.090909091,0,,,0.083333333,,0.115384615,
w3,chrV,116155,C,G,,Intergenic,,0,0,0.166666667,0.111111111,0.111111111,0.142857143,0,0.25,0.125,0,0,0.111111111,0,,0.111111111,0,0.333333333,0,0.125,0.090909091,,,0,,0,
w3,chrV,431775,C,T,,Intergenic,,0,0.010752688,0,0,0.025974026,0,0,0.031578947,0,0.053333333,0.10619469,0.166666667,0.186868687,,0.025316456,0.053333333,0.076923077,0.115942029,0.144067797,0.106796117,,,0.073170732,,0.214592275,
w3,chrV,431811,C,T,,Intergenic,,0,0.009708738,0,0,0.011494253,0,0,0.019607843,0,0.064102564,0.098360656,0.198113208,0.154811715,,0.012820513,0.036585366,0.064102564,0.10989011,0.090163934,0.12,,,0.072916667,,0.224,
w3,chrV,500707,C,G,RAD4,Non,E-->D,0,0,0.023809524,0.016666667,0,0,0,0,0,0.028571429,0.014084507,0,0,,0.14516129,0.106666667,0.131578947,0.098039216,0.106060606,0.210526316,,,0.145454545,,0.157303371,
w3,chrVII,273139,C,G,,Intergenic,,0,0,0,0,0,0,0,0.020408163,0.035714286,0.083333333,0.051724138,0.055555556,0.069306931,,0,0.021276596,0.071428571,0.074074074,0.274509804,0.075757576,,,0.117647059,,0.080291971,
w3,chrVII,635494,A,C,,Intergenic,,0,0.25,0.142857143,0.05,0.107142857,0.083333333,0.111111111,0.05,0.1,0,0.157894737,0.035714286,0,,0.25,0.076923077,0,0.066666667,0.157894737,0.111111111,,,0.041666667,,0.03125,
w3,chrVII,1043766,A,C,,Intergenic,,0,0.058823529,0.051282051,0.057142857,0.15,0.157894737,0.0625,0.03125,0.041666667,0.0625,0.064516129,0.021276596,0.044117647,,0.142857143,0.076923077,0.020408163,0.064516129,0.105263158,0.037037037,,,0.016949153,,0.014285714,
w3,chrVII,1043789,T,G,,Intergenic,,0,0.125,0,0,0,0.111111111,0.111111111,0.043478261,0.055555556,0,0.052631579,0.0625,0.045454545,,0.2,0.157894737,0,0.285714286,0.166666667,0.041666667,,,0.071428571,,0,
w3,chrVIII,75990,A,C,,Intergenic,,0,0,0.066666667,0.058823529,0.263157895,0.076923077,0.2,0.083333333,0.125,0,0.125,0,0,,0.0625,0.037037037,0,0.083333333,0.125,0.111111111,,,0,,0.014925373,
w3,chrVIII,75993,T,G,,Intergenic,,0,0.043478261,0.066666667,0.052631579,0.266666667,0.176470588,0.2,0.045454545,0.142857143,0.083333333,0.043478261,0.038461538,0,,0.0625,0.066666667,0.08,0,0.088235294,0.057142857,,,0.037037037,,0.032258065,
w3,chrVIII,200205,G,A,AAP1,NON,PRO--> LEU,0,0.350877193,0.355932203,0.370967742,0.262295082,0.491803279,0.259259259,0.266666667,0.095238095,0.142857143,0.255319149,0.257575758,0.222222222,,0.213483146,0.226415094,0.30952381,0.166666667,0.208955224,0.103448276,,,0.1875,,0.141843972,
w3,chrIX,58824,G,T,,Intergenic,,0,0,0,0.046875,0,0,0,0.014705882,0,0,0,0,0.007042254,,0.056338028,0.06097561,0.095238095,0.092592593,0.103773585,0.177570093,,,0.119402985,,0.314009662,
w3,chrIX,59119,C,A,,Intergenic,,0,0,0,0,0,0.051724138,0,0.020408163,0.025641026,0.128205128,0.044117647,0.28125,0.252173913,,0.347826087,0.322033898,0.217391304,0.15,0.216666667,0.293478261,,,0.224489796,,0.356382979,
w3,chrIX,119837,T,G,,Intergenic,,0,0,0,0,0,0,0,0,0,0,0.01754386,0.00990099,0.02173913,,0.05,0.189873418,0.096153846,0.137931034,0.141414141,0.165048544,,,0.196721311,,0.372781065,
w3,chrIX,181944,C,A,FYV10,STOP,,0,0,0,0,0,0,0,0,0,0,0,0,0.019607843,,0.166666667,0.2,0.294117647,0.342857143,0.2,0.304347826,,,0.21686747,,0.459627329,
w3,chrX,109403,C,T,HAL5,NON,E TO K,0,0.171428571,0,0,0.271186441,0.014285714,0,0.222222222,0.416666667,0.53125,0.649122807,0.703125,0.72519084,,0.827160494,0.935064935,0.9375,0.849056604,0.984615385,0.948051948,,,0.941176471,,0.994252874,
w3,chrX,169071,G,T,URA2,NON,SER-->TYR,0,0,0.019607843,0,0,0.02739726,0,0.018518519,0,0.032258065,0.053333333,0.028985507,0.116883117,,0.430555556,0.625,0.754716981,0.850746269,0.868421053,0.747252747,,,0.698113208,,0.710659898,
w3,chrX,190224,C,T,,Intergenic,,0,0,0,0,0,0,0,0,0,0,0,0,0.008130081,,0.177304965,0.245614035,0.385714286,0.202531646,0.244094488,0.361702128,,,0.272727273,,0.24,
w3,chrX,329292,C,A,,Intergenic,,0,0,0,0,0,0.014492754,0,0,0,0,0,0,0.012658228,,0,0.065789474,0,0.063492063,0.047619048,0.080357143,,,0.056818182,,0.178571429,
w3,chrX,451205,T,C,,Intergenic,,0,0.037735849,0,0.044776119,0.033898305,0.038961039,0,0.068965517,0.056603774,0.113636364,0.131578947,0.115942029,0.141791045,,0.175,0.120481928,0.166666667,0.088888889,0.215909091,0.041237113,,,0.04,,0.018072289,
w3,chrX,520021,G,A,SSC1,NON,SER-->ALA,0,0,0,0,0,0,0,0,0,0,0,0,0.018018018,,0.156862745,0.387096774,0.322580645,0.258064516,0.6,0.561643836,,,0.540540541,,0.236486486,
w3,chrX,536598,C,A,KCH1,Intergenic,THR-->LYS,0,0,0,0,0,0,0,0,0,0,0,0,0.024390244,,0.160714286,0.275362319,0.375,0.511627907,0.303571429,0.549295775,,,0.416666667,,0.37414966,
w3,chrXI,261759,AAC,A,CWP1,FS,,0,0,0,0,0.030769231,0,0,0.111111111,0.211538462,0.423076923,0.4,0.494505495,0.524475524,,0.684931507,0.519480519,0.537313433,0.538461538,0.633802817,0.401869159,,,0.645833333,,0.454976303,
w3,chrXII,95414,A,T,,Intergenic,,0,0.166666667,0.111111111,0.111111111,0.266666667,0.125,0,0.121212121,0,0.1,0.2,0.1875,0,,0.071428571,0.2,0.076923077,0,0.090909091,0,,,0.105263158,,0,
w3,chrXII,95415,A,C,,Intergenic,,0,0.166666667,0.111111111,0.107142857,0.266666667,0.125,0,0.090909091,0,0,0.15,0.058823529,0,,0.0625,0.1,0,0.076923077,0,0,,,0.052631579,,0,
w3,chrXII,95417,A,C,,Intergenic,,0,0.166666667,0.333333333,0.208333333,0.285714286,0.285714286,0,0.117647059,0,0,0.19047619,0.066666667,0,,0.125,0.133333333,0.08,0.071428571,0,0,,,0.058823529,,0,
w3,chrXII,95425,T,C,,Intergenic,,0,0,0,0.363636364,0.272727273,0.333333333,0,0.19047619,0,0.142857143,0.1,0.125,0,,0.2,0.058823529,0.0625,0.111111111,0,0,,,0.166666667,,0,
w3,chrXII,439346,G,T,,Intergenic,,0,0,0,0.02173913,0,0.021276596,0,0.028571429,0,0,0.014084507,0.01754386,0.007874016,,0.013513514,0.016393443,0.058823529,0.1,0.061538462,0.172839506,,,0.127659574,,0.130177515,
w3,chrXII,873648,A,C,,Intergenic,,0,0.133333333,0.095238095,0.052631579,0.086956522,0.153846154,0,0.052631579,0,0.125,0.04,0.045454545,0,,0,0.095238095,0.047619048,0.083333333,0.09375,0,,,0.060606061,,0.023255814,
w3,chrXII,957537,C,A,,Intergenic,,0,0,0,0,0.023255814,0,0,0,0.023809524,0.04,0.017857143,0.029850746,0.063380282,,0.147540984,0.086206897,0.024390244,0.155555556,0.147058824,0.220779221,,,0.0625,,0.216049383,
w3,chrXII,1037063,C,A,SLH1,Intergenic,THR-->LYS,0,0,0,0,0,0,0,0,0,0,0.032967033,0.095744681,0.123762376,,0.346666667,0.4375,0.272727273,0.387755102,0.421052632,0.545454545,,,0.453125,,0.671296296,
w3,chrXIII,239372,T,G,,Intergenic,,0,0.133333333,0.032258065,0.083333333,0,0.2,0.111111111,0.095238095,0.2,0,0.064516129,0.212121212,0.019607843,,0.076923077,0.064516129,0,0.074074074,0.11627907,0,,,0,,0,
w3,chrXIII,239374,T,G,,Intergenic,,0,0.103448276,0,0.083333333,0,0.230769231,0.105263158,0.108108108,0.166666667,0.095238095,0.1,0.151515152,0,,0.045454545,0.04,0.051282051,0.08,0.146341463,0.035714286,,,0.047619048,,0,
w3,chrXIII,372419,C,G,,Intergenic,,0,0.01369863,0.024691358,0,0.126436782,0,0,0.102272727,0.087719298,0.128571429,0.054347826,0.068181818,0.069767442,,0.135135135,0.119047619,0.079365079,0.098039216,0.064516129,0.089108911,,,0.12,,0.066964286,
w3,chrXIII,698881,ACT,A,SKY1,FS,,0,0.054545455,0,0,0.041666667,0,0,0.12244898,0.137931034,0.146341463,0.290909091,0.2,0.244094488,,0.29787234,0.462962963,0.283333333,0.333333333,0.127659574,0.194029851,,,0.26,,0.014084507,
w3,chrXIII,701178,T,A,,Intergenic,,0,0.043956044,0,0,0.108433735,0.037974684,0,0.222222222,0.274509804,0.239130435,0.382022472,0.384615385,0.418994413,,0.65060241,0.523809524,0.603773585,0.725,0.752808989,0.866666667,,,0.709090909,,0.923076923,
w3,chrXIII,748240,C,A,,Intergenic,,0,0.333333333,0.066666667,0,0.266666667,0.125,0,0.058823529,0.125,0,0.133333333,0.347826087,0.0625,,0.333333333,0.294117647,0.4,0.076923077,0.142857143,0.129032258,,,0.133333333,,0.083333333,
w3,chrXIII,748241,C,G,,Intergenic,,0,0.333333333,0.058823529,0,0.263157895,0.117647059,0,0.1,0.157894737,0,0.133333333,0.291666667,0.086956522,,0.333333333,0.3,0.363636364,0.076923077,0.2,0.147058824,,,0.125,,0.069767442,
w3,chrXIII,748244,C,A,,Intergenic,,0,0.363636364,0.117647059,0,0.176470588,0.105263158,0,0.142857143,0.157894737,0,0.125,0.28,0.071428571,,0.285714286,0.263157895,0.363636364,0.071428571,0.133333333,0.147058824,,,0.117647059,,0.068181818,
w3,chrXIII,748247,G,T,,Intergenic,,0,0.181818182,0.058823529,0,0.176470588,0.1,0,0.136363636,0.111111111,0,0.111111111,0.222222222,0.033333333,,0.153846154,0.285714286,0.3,0.071428571,0.133333333,0.147058824,,,0.111111111,,0.065217391,
w3,chrXIII,866675,C,T,,Intergenic,,0,0,0,0,0,0,0,0.013888889,0,0,0,0,0,,0,0.023255814,0,0.14,0.341463415,0.522123894,,,0.366666667,,0.734234234,
w3,chrXIV,54167,G,A,KRI1,SYN,,0,0.525423729,0.415384615,0.454545455,0.684210526,0.509090909,0.485714286,0.645833333,0.542857143,0.711864407,0.583333333,0.492307692,0.670454545,,0.557142857,0.596491228,0.625,0.471698113,0.555555556,0.489795918,,,0.413793103,,0.543269231,
w3,chrXIV,549947,C,A,,Intergenic,,0,0.045454545,0,0,0.119047619,0.044117647,0,0.1375,0.157894737,0.095238095,0.117647059,0.186666667,0.104895105,,0.209302326,0.247191011,0.224137931,0.166666667,0.263157895,0.19047619,,,0.174603175,,0.10880829,
w3,chrXIV,779044,C,G,,Intergenic,,0,0.071428571,0.285714286,0.272727273,0.111111111,0,0,0.125,0.285714286,0,0,0.071428571,0.235294118,,0.1,0,0.166666667,0.5,0,0.25,,,0.111111111,,0.157894737,
w3,chrXVI,262444,C,A,,Intergenic,,0,0.056338028,0,0,0.096153846,0.016949153,0,0.19047619,0.157894737,0.142857143,0.277777778,0.213333333,0.155405405,,0.118644068,0.183333333,0.166666667,0.244444444,0.139240506,0.146067416,,,0.28,,0.301775148,
w3,chrXVI,573589,C,A,HAA1,STOP,,0,0.020408163,0,0,0,0,0,0,0.086956522,0.023809524,0.071428571,0.121621622,0.19858156,,0.34,0.345238095,0.371428571,0.382978723,0.448979592,0.712871287,,,0.65,,0.874371859,
w4,chrIV,1159552,G,A,,Intergenic,,0,,,,,,,,,,,,0,,,,,,,,,,,,0.334745763,
w4,chrIV,1159597,A,G,,Intergenic,,0,,,,,,,,,,,,0,,,,,,,,,,,,0.30472103,
w4,chrXI,83131,A,C,CNB1,NON,,0,,,,,,,,,,,,0.044025157,,,,,,,,,,,,0.333333333,
w4,chrII,123216,G,A,PIN4,NON,SER - LEU,0,,,,,,,,,,,,0.380952381,,,,,,,,,,,,0.806451613,
w4,chrII,126872,C,G,MOH1,NON,SER - LEU,0,,,,,,,,,,,,0.655172414,,,,,,,,,,,,0.72,
w4,chrIX,59119,C,A,ESL1,NON,STOP,0,,,,,,,,,,,,0,,,,,,,,,,,,0.455223881,
w4,chrV,229991,G,C,GLN3,NON,ALA TO PRO,0,,,,,,,,,,,,0.37704918,,,,,,,,,,,,0.078014184,
w4,chrV,383547,A,C,SWI4,NON,MET TO ARG,0,,,,,,,,,,,,0.182481752,,,,,,,,,,,,0.338709677,
w4,chrX,148868,C,A,YAK1,NON,ASP TO TYR,0,,,,,,,,,,,,0.269058296,,,,,,,,,,,,0.184331797,
w4,chrX,168721,C,A,URA2,NON,VAL TO PHE,0,,,,,,,,,,,,0.010152284,,,,,,,,,,,,0.913043478,
w4,chrX,171462,C,A,URA2,NON,CYS TO LYS,0,,,,,,,,,,,,0.322429907,,,,,,,,,,,,0.011494253,
w4,chrXII,557963,C,A,HRD3,NON,ALA TO ASP,0,,,,,,,,,,,,0,,,,,,,,,,,,0.472972973,
w4,chrXII,1037063,C,A,LEU3,NON,T TO K,0,,,,,,,,,,,,0,,,,,,,,,,,,0.359477124,
w4,chrXII,1038695,G,T,LEU3,NON,W TO L,0,,,,,,,,,,,,0.041025641,,,,,,,,,,,,0.528301887,
w4,chrXIII,866675,C,T,ADE4,NON,ALA TO TYR,0,,,,,,,,,,,,0,,,,,,,,,,,,0.346938776,
w4,chrXVI,573669,G,T,HAA1,NON,STOP,0,,,,,,,,,,,,0.994186047,,,,,,,,,,,,0.74789916,
w4,chrXVI,613461,A,AT,CCL1,NON,FS,0,,,,,,,,,,,,0.005154639,,,,,,,,,,,,0.408256881,
w4,chrII,406721,G,T,UBC4,Non,P-->H,0,,,,,,,,,,,,0.30125523,,,,,,,,,,,,0.092592593,
w4,chrXV,885475,G,T,ISW2,Non,S-->I,0,,,,,,,,,,,,0.184,,,,,,,,,,,,0.436170213,
w5,chrIV,219940,A,G,PPH21,NON,LEU TO PRO,0,,,,,,,,,,,,0,,,,,,,,,,,,0.931174089,
w5,chrXI,495016,C,T,,Intergenic,,0,,,,,,,,,,,,0,,,,,,,,,,,,0.33490566,
w5,chrXI,517996,T,C,,Intergenic,,0,,,,,,,,,,,,0,,,,,,,,,,,,0.381818182,
w5,chrXIII,701184,G,T,,Intergenic,,0,,,,,,,,,,,,0,,,,,,,,,,,,0.961722488,
w5,chrIV,368085,TG,T,STP4,NON,FS,0,,,,,,,,,,,,0,,,,,,,,,,,,1,
w5,chrVII,948167,C,A,DIE2,NON,ALA TO ASP,0,,,,,,,,,,,,0,,,,,,,,,,,,0.656,
w5,chrX,168831,G,C,URA2,NON,ALA TO GLY,0,,,,,,,,,,,,0,,,,,,,,,,,,0.710659898,
w5,chrXII,558530,C,A,HRD3,NON,ALA TO GLU,0,,,,,,,,,,,,0,,,,,,,,,,,,0.512295082,
w5,chrXIV,471462,G,C,SAL1,NON,GLY TO ALA,0,,,,,,,,,,,,0,,,,,,,,,,,,0.321888412,
w5,chrII,406662,C,T,UBC4,Non,A-->T,0,,,,,,,,,,,,0,,,,,,,,,,,,0.724,
w5,chrVII,776558,G,T,SKN1,Non,G-->V,0,,,,,,,,,,,,0,,,,,,,,,,,,0.465437788,
w5,chrIV,383897,G,A,PRM7,SYN,SYN,0,,,,,,,,,,,,0,,,,,,,,,,,,0.25,
w5,chrXII,709959,A,G,CTS1,SYN,,0,,,,,,,,,,,,0,,,,,,,,,,,,0.766169154,
w6,chrII,783277,G,T,BSD2,NON,VAL TO PHE,0,,0,,0,,0,,0.041237113,,0.026666667,,0.217647059,,0.407407407,,0.403225806,,0.347826087,,,,0.382165605,,0.354166667,
w6,chrIII,245,CA,C,,Intergenic,,0,,0,,0.066666667,,0,,0.0625,,0.2,,0,,0,,0,,0,,,,0,,0.125,
w6,chrIII,260355,C,T,TUP1,Non,C-->Y,0,,0,,0,,0,,0.009090909,,0,,0.00591716,,0.033333333,,0.149253731,,0.233333333,,,,0.292929293,,0,
w6,chrIII,281922,A,T,CDC39,Non,Q-->L,0,,0,,0,,0,,0.017241379,,0.03539823,,0.164179104,,0.156626506,,0.071428571,,0.038461538,,,,0.028901734,,0,
w6,chrIV,161029,C,T,NRP1,Non,G-->S,0,,0,,0,,0,,0.00952381,,0,,0.039215686,,0.11627907,,0.145454545,,0.259259259,,,,0.189873418,,0,
w6,chrIV,193891,C,A,LDB17,Non,T-->N,0,,0,,0.013888889,,0,,0.006993007,,0.008547009,,0.033898305,,0.12987013,,0.179775281,,0.296296296,,,,0.137440758,,0.004219409,
w6,chrIV,219940,A,G,PPH21,Non,F-->L,0,,0,,0.008928571,,0.011627907,,0.019736842,,0.036764706,,0.086956522,,0.202247191,,0.268518519,,0.314814815,,,,0.664921466,,0.931174089,
w6,chrIV,368085,TG,T,STP4,Non,FS,0,,0,,0,,0.042253521,,0.027027027,,0.04950495,,0.035087719,,0.068965517,,0.165137615,,0.351351351,,,,0.46875,,1,
w6,chrIV,645450,G,T,,Intergenic,,0,,0.25,,0.125,,0.142857143,,0.071428571,,0,,0,,0,,0.117647059,,0,,,,0,,0,
w6,chrIV,658212,A,G,,Intergenic,,0,,0.193548387,,0.234848485,,0.142857143,,0.413793103,,0.309090909,,0.390756303,,0.43902439,,0.46835443,,0.533333333,,,,0.396761134,,0.408906883,
w6,chrIV,739487,A,G,DOP1,Syn,,0,,0,,0,,0,,0,,0,,0.0375,,0.189655172,,0.058823529,,0.103448276,,,,0,,0,
w6,chrIV,747513,A,G,TAF12,Syn,,0,,0,,0.012345679,,0,,0,,0.012820513,,0.015306122,,0.150943396,,0.066666667,,0.125,,,,0.094117647,,0,
w6,chrIV,1080602,G,T,,Intergenic,,0,,0,,0,,0,,0,,0,,0.045454545,,0.034482759,,0.068181818,,0.235294118,,,,0.129032258,,0,
w6,chrIV,1143833,C,T,MSN5,Syn,,0,,0,,0.007407407,,0.493975904,,0.299270073,,0.154471545,,0.201183432,,0.28125,,0.173469388,,0.235294118,,,,0.01843318,,0,
w6,chrIV,1313860,C,A,ARO80,Non,P-->T,0,,0,,0.010869565,,0,,0,,0.021978022,,0.034482759,,0.194444444,,0.317460317,,0.405405405,,,,0.402777778,,0.004405286,
w6,chrIV,1329682,T,C,NPL3,Non,F-->L,0,,0,,0,,0,,0,,0.04,,0.018018018,,0.042253521,,0.09375,,0.15,,,,0.25862069,,0.006289308,
w6,chrIV,1329683,T,C,NPL3,Non,F-->S,0,,0,,0,,0,,0,,0.039215686,,0.018018018,,0.042253521,,0.09375,,0.15,,,,0.271186441,,0,
w6,chrIV,1329726,T,C,NPL3,Syn,,0,,0,,0,,0,,0.014492754,,0,,0.033057851,,0.015625,,0.078947368,,0.136363636,,,,0.267716535,,0.006451613,
w6,chrV,209125,G,T,GAL83,Non,T-->K,0,,0,,0.014184397,,0.010204082,,0.015384615,,0.039370079,,0.239495798,,0.358974359,,0.48,,0.721311475,,,,0.975609756,,0,
w6,chrV,424116,T,A,RPS26B,Non,S-->T,0,,0,,0,,0,,0,,0.14084507,,0.469512195,,0.6,,0.516129032,,0.642857143,,,,0.833333333,,0,
w6,chrV,512119,C,A,,Intergenic,,0,,0,,0.014084507,,0.018867925,,0.027027027,,0.015625,,0.032258065,,0.194029851,,0.097560976,,0.296296296,,,,0.153846154,,0,
w6,chrV,514660,G,T,DNF1,Non,A-->S,0,,0,,0.013513514,,0,,0,,0,,0,,0.048387097,,0.066666667,,0.303030303,,,,0.076923077,,0,
w6,chrV,550583,A,C,,Intergenic,,0,,0,,0,,0,,0,,0,,0,,0.255813953,,0.166666667,,0.125,,,,0.025210084,,0,
w6,chrVII,189927,T,A,PMR1,NON,THY TO SER,0,,0,,0.157303371,,0.169230769,,0.252427184,,0.3375,,0.43452381,,0.389830508,,0.412698413,,0.638888889,,,,0.93220339,,0.008658009,
w6,chrVII,431369,A,T,,Intergenic,,0,,0.111111111,,0.03125,,0,,0.023255814,,0,,0,,0,,0,,0,,,,0,,0,
w6,chrVII,482542,C,A,PMA1,NON,STOP TO LEU,0,,0,,0.111111111,,0.015625,,0.222222222,,0.333333333,,0.699029126,,0.7,,0.94,,1,,,,0.944723618,,0.105990783,
w6,chrVII,848521,A,T,,Intergenic,,0,,0,,0,,0.111111111,,0.071428571,,0,,0,,0.2,,0.25,,0,,,,0,,0,
w6,chrVII,878772,G,A,Tryptophan tRNA (tRNA-Trp),tW(CCA)G2,,0,,0,,0,,0,,0,,0,,0.055555556,,0.236842105,,0.5,,0.642857143,,,,0.641221374,,0,
w6,chrVII,914735,T,C,,Intergenic,,0,,0,,0.014925373,,0,,0,,0.012987013,,0.080536913,,0.14,,0.323076923,,0.275862069,,,,0.276595745,,0,
w6,chrVII,948167,C,A,DIE2,Non,ALA TO ASP,0,,0.026315789,,0.01,,0,,0.008928571,,0.019047619,,0.027027027,,0.053333333,,0.078651685,,0.236842105,,,,0.700598802,,0.652,
w6,chrVII,1029120,G,A,YTA7,NON,VAL--> ISO,0,,0,,0,,0.296875,,0.287037037,,0.215909091,,0.172413793,,0.074074074,,0.016949153,,0.023255814,,,,0.061538462,,0.0041841,
w6,chrIX,144079,T,C,HIS5,SYN,,0,,0,,0.024691358,,0.546875,,0.25203252,,0.285714286,,0.149122807,,0.338709677,,0.238636364,,0.228571429,,,,0.267716535,,0.007633588,
w6,chrX,168831,G,C,,Intergenic,,0,,0,,0,,0,,0,,0,,0,,0,,0,,0,,,,0.006535948,,0.710659898,
w6,chrX,169563,C,G,URA2,NON,ARG --> PRO,0,,0,,0.034883721,,0.024691358,,0.057377049,,0.06097561,,0.064327485,,0.238095238,,0.5,,0.515151515,,,,0.886486486,,0,
w6,chrX,171538,G,T,,Intergenic,,0,,0.043478261,,0,,0,,0.010204082,,0,,0,,0,,0,,0,,,,0,,0.155913978,
w6,chrX,172183,C,T,URA2,NON,ASP TO ASN,0,,0,,0.162162162,,0.253968254,,0.407079646,,0.414634146,,0.513812155,,0.582278481,,0.452054795,,0.21875,,,,0.063829787,,0,
w6,chrXI,83451,C,A,CNB1,NON,N TO K,0,,0,,0.048387097,,0.613636364,,0.351724138,,0.4375,,0.458515284,,0.326086957,,0.119565217,,0,,,,0.004016064,,0.004032258,
w6,chrXI,495016,C,T,,Intergenic,,0,,0,,0,,0.031746032,,0,,0,,0,,0,,0,,0,,,,0,,0.33490566,
w6,chrXI,496119,G,T,,Intergenic,,0,,0,,0,,0,,0,,0,,0,,0,,0,,0,,,,0,,0.285106383,
w6,chrXI,517996,T,C,,Intergenic,,0,,0,,0,,0,,0,,0,,0,,0,,0,,0,,,,0,,0.381818182,
w6,chrXI,554850,G,C,,Intergenic,,0,,0,,0,,0,,0.006711409,,0,,0.004926108,,0,,0,,0,,,,0,,0.267206478,
w6,chrXI,641459,TA,T,SIR1,FS,,0,,0,,0,,0.360655738,,0.12745098,,0.213333333,,0.06993007,,0.183333333,,0.018867925,,0.027777778,,,,0,,0,
w6,chrXII,95382,AT,A,,Intergenic,,0,,0,,0.035714286,,0,,0,,0.12195122,,0,,0,,0.125,,0,,,,0.0625,,0,
w6,chrXII,220712,A,T,,Intergenic,,0,,0,,0,,0,,0.117647059,,0,,0.2,,0,,0,,0,,,,0,,0,
w6,chrXII,369693,TACA,T,,Intergenic,,0,,0,,0,,0,,0,,0,,0,,0,,0,,0,,,,0,,0.204545455,
w6,chrXII,370092,A,T,CCW12,NON,START- LYS,0,,0,,0,,0.036363636,,0.113043478,,0.188405797,,0.418604651,,0.245901639,,0.049180328,,0,,,,0,,0.004366812,
w6,chrXII,451386,A,G,,Intergenic,,0,,0,,0,,0.307692308,,0,,0,,0.025,,0.045454545,,0,,0.166666667,,,,0.057142857,,0.025,
w6,chrXII,468928,G,GT,,Intergenic,,0,,0,,0.035714286,,0.173913043,,0,,0.096774194,,0.025,,0.136363636,,0.111111111,,0.055555556,,,,0.049180328,,0.029850746,
w6,chrXII,538820,G,T,,Intergenic,,0,,0,,0.027777778,,0.046153846,,0.029126214,,0.152542373,,0.17816092,,0.050847458,,0.03125,,0.035714286,,,,0.042682927,,0,
w6,chrXII,558530,C,A,,Intergenic,,0,,0,,0.012658228,,0.015384615,,0,,0,,0.005235602,,0.049180328,,0.024096386,,0,,,,0,,0.512295082,
w6,chrXII,593145,G,A,,Intergenic,,0,,0.2,,0.047619048,,0,,0,,0.181818182,,0.235294118,,0.055555556,,0.333333333,,0,,,,0.210526316,,0.103448276,
w6,chrXII,634161,A,G,,Intergenic,,0,,0,,0,,0,,0,,0.01754386,,0.007194245,,0.045454545,,0.227272727,,0.166666667,,,,0.127118644,,0,
w6,chrXII,709959,A,G,,Intergenic,,0,,0,,0,,0.020833333,,0,,0.012048193,,0.006369427,,0,,0,,0,,,,0.007246377,,0.766169154,
w6,chrXII,814866,G,T,FKS1,NON,C -->F,0,,0,,0.021052632,,0.064935065,,0.185185185,,0.258064516,,0.376470588,,0.539473684,,0.62244898,,0.555555556,,,,0.821428571,,0.004166667,
w6,chrXII,961712,G,A,,Intergenic,,0,,0,,0,,0,,0.021052632,,0.105263158,,0.036363636,,0.136363636,,0.063829787,,0.151515152,,,,0.194805195,,0.005319149,
w6,chrXII,1004416,G,T,,Intergenic,,0,,0,,0,,0,,0,,0,,0,,0,,0.022727273,,0,,,,0,,0.289772727,
w6,chrXII,1038310,G,A,LEU3,non,A -->T,0,,0.025641026,,0,,0,,0,,0,,0,,0.0125,,0.012987013,,0.078947368,,,,0.684210526,,0,
w6,chrXIII,36633,G,T,,Intergenic,,0,,0,,0,,0,,0,,0,,0.007042254,,0,,0,,0,,,,0,,0.204545455,
w6,chrXIII,48441,C,T,,Intergenic,,0,,0,,0,,0,,0,,0,,0,,0,,0,,0,,,,0,,0.123152709,
w6,chrXIV,471462,G,C,,Intergenic,,0,,0,,0,,0.018181818,,0,,0,,0,,0,,0,,0,,,,0.005319149,,0.321888412,
w6,chrXIV,501546,C,G,,Intergenic,,0,,0,,0,,0,,0,,0,,0,,0,,0,,0,,,,0,,0.147058824,
w6,chrXV,43045,G,A,,Intergenic,,0,,0,,0,,0.333333333,,0.125,,0,,0.2,,0.333333333,,0,,0,,,,0,,0.166666667,
w6,chrXV,962418,G,A,,Intergenic,,0,,0,,0,,0,,0.007936508,,0.02739726,,0.015957447,,0.082191781,,0.154929577,,0.25,,,,0.209302326,,0,
w6,chrXV,962957,G,C,,Intergenic,,0,,0,,0.0125,,0,,0.006896552,,0,,0.028225806,,0.097826087,,0.188235294,,0.254901961,,,,0.236051502,,0,
w6,chrXV,1005637,C,A,GDS1,Non,R --> THR,0,,0,,0,,0,,0,,0,,0.004830918,,0.111111111,,0.168674699,,0.068965517,,,,0.580246914,,0,
w6,chrXVI,156322,A,C,,Intergenic,,0,,0,,0,,0.55,,0.362068966,,0.217948718,,0.171597633,,0.095890411,,0.138461538,,0.222222222,,,,0.070512821,,0.115606936,
w6,chrXVI,156324,A,T,,Intergenic,,0,,0,,0,,0.55,,0.359649123,,0.22972973,,0.173652695,,0.089552239,,0.138461538,,0.192307692,,,,0.071428571,,0.111111111,
w6,chrXVI,156325,A,T,,Intergenic,,0,,0,,0,,0.55,,0.362831858,,0.22972973,,0.172619048,,0.076923077,,0.125,,0.192307692,,,,0.072368421,,0.117647059,
w6,chrXVI,156326,A,T,,Intergenic,,0,,0,,0,,0.551282051,,0.359649123,,0.243243243,,0.172619048,,0.076923077,,0.125,,0.192307692,,,,0.071428571,,0.112426036,
w6,chrXVI,156328,G,T,,Intergenic,,0,,0,,0,,0.551282051,,0.362831858,,0.24,,0.172619048,,0.075757576,,0.123076923,,0.192307692,,,,0.072368421,,0.111764706,
w6,chrXVI,197013,C,A,,Intergenic,,0,,0,,0.025641026,,0,,0.008695652,,0.011627907,,0.05625,,0.20754717,,0.163636364,,0.111111111,,,,0.335195531,,0,
w6,chrXVI,572853,A,T,,Intergenic,,0,,0,,0,,0.017241379,,0.038461538,,0.076923077,,0.097902098,,0.205128205,,0.216216216,,0.526315789,,,,0.571428571,,0,
w6,chrXVI,787926,T,G,,Intergenic,,0,,0,,0,,0,,0.021276596,,0,,0.069444444,,0.016949153,,0.293103448,,0.125,,,,0.155555556,,0,
w6,chrXVI,939183,G,A,,Intergenic,,0,,0,,0.052631579,,0.111111111,,0.193548387,,0.16,,0.076923077,,0.157894737,,0,,0.090909091,,,,0.1,,0.108695652,
s1,chrI,203688,C,A,FLO1,NON,P-->H,0,,,,,,,,,,,,0.006993007,,,,,,,,,,,,0.363636364,
s1,chrII,487686,C,A,PTC4,NON,G-->C,0,,,,,,,,,,,,0,,,,,,,,,,,,0.34965035,
s1,chrII,172484,C,A,,Intergenic,,0,,,,,,,,,,,,0.554545455,,,,,,,,,,,,0.514925373,
s1,chrIII,186828,G,A,,Intergenic,,0,,,,,,,,,,,,0.135802469,,,,,,,,,,,,0.380530973,
s1,chrIII,135246,T,C,,Intergenic,,0,,,,,,,,,,,,0.357843137,,,,,,,,,,,,0.317535545,
s1,chrIV,355861,T,G,PSA1,NON,ASN TO THR,0,,,,,,,,,,,,0,,,,,,,,,,,,0.403361345,
s1,chrIX,75723,G,T,ATG32,NON,HIS TO N,0,,,,,,,,,,,,0.428571429,,,,,,,,,,,,0.556338028,
s1,chrV,25751,G,T,YEL068C,SYN,SYN,0,,,,,,,,,,,,0.108108108,,,,,,,,,,,,0.527027027,
s1,chrV,31698,G,C,CAN1,NON,A-->G,0,,,,,,,,,,,,0.4,,,,,,,,,,,,0.428571429,
s1,chrV,185183,A,T,FAA2,NON,ISO TO PHE,0,,,,,,,,,,,,0.5,,,,,,,,,,,,0.4921875,
s1,chrVII,618559,C,T,,Intergenic,,0,,,,,,,,,,,,0,,,,,,,,,,,,0.354651163,
s1,chrVII,271885,C,T,SCS3,NON,ARG TO CYS,0,,,,,,,,,,,,0,,,,,,,,,,,,0.469230769,
s1,chrVIII,48237,A,AACAACAACAGC,,Intergenic,,0,,,,,,,,,,,,0,,,,,,,,,,,,0.368852459,
s1,chrVIII,132065,A,T,,Intergenic,,0,,,,,,,,,,,,0.2,,,,,,,,,,,,0.1,
s1,chrVIII,131907,A,T,,Intergenic,,0,,,,,,,,,,,,0.381443299,,,,,,,,,,,,0.541666667,
s1,chrVIII,20979,T,C,,Intergenic,,0,,,,,,,,,,,,0.47133758,,,,,,,,,,,,0.418848168,
s1,chrVIII,131700,T,G,,Intergenic,,0,,,,,,,,,,,,0.512195122,,,,,,,,,,,,0.540983607,
s1,chrVIII,131723,C,T,,Intergenic,,0,,,,,,,,,,,,0.52,,,,,,,,,,,,0.532786885,
s1,chrVIII,131753,T,C,,Intergenic,,0,,,,,,,,,,,,0.520325203,,,,,,,,,,,,0.536363636,
s1,chrVIII,131730,A,C,,Intergenic,,0,,,,,,,,,,,,0.524590164,,,,,,,,,,,,0.561403509,
s1,chrXII,1038302,C,A,LEU3,NON,P TO Q,0,,,,,,,,,,,,0.669014085,,,,,,,,,,,,0.993710692,
s1,chrXII,813475,C,A,FKS1,NON,ASN TO LYS,0,,,,,,,,,,,,0.707317073,,,,,,,,,,,,1,
s1,chrXII,758048,G,A,ATG39,NON,HIS TO TYR,0,,,,,,,,,,,,0.990654206,,,,,,,,,,,,1,
s1,chrXIII,354120,C,T,MCM1,NON,GLN TO STOP,0,,,,,,,,,,,,0,,,,,,,,,,,,0.322580645,
s1,chrXIII,400590,G,T,KAR5,NON,VAL TO LEU,0,,,,,,,,,,,,0.053191489,,,,,,,,,,,,0.504504505,
s1,chrXIII,174567,G,T,RSE1,NON,ALA TO ASP,0,,,,,,,,,,,,0.053763441,,,,,,,,,,,,0.50990099,
s1,chrXIII,700571,G,T,SKY1,NON,STOP,0,,,,,,,,,,,,0.447058824,,,,,,,,,,,,0.454545455,
s1,chrXIII,763057,A,T,SNR86,SNO RNA,,0,,,,,,,,,,,,0.476190476,,,,,,,,,,,,0.52,
s1,chrXIV,542026,C,G,,Intergenic,,0,,,,,,,,,,,,0,,,,,,,,,,,,0.396648045,
s1,chrXV,960332,T,A,,Intergenic,,0,,,,,,,,,,,,0.63963964,,,,,,,,,,,,0.990909091,
s1,chrXV,1028910,C,T,,Intergenic,,0,,,,,,,,,,,,0.675675676,,,,,,,,,,,,1,
s1,chrXV,755604,C,CT,RCN2,NON,FS,0,,,,,,,,,,,,0.704761905,,,,,,,,,,,,1,
s1,chrXVI,176248,C,A,APL5,NON,A-->E,0,,,,,,,,,,,,0,,,,,,,,,,,,0.333333333,
s1,chrXVI,247126,C,A,CDC60,NON,THR TO LYS,0,,,,,,,,,,,,0.44,,,,,,,,,,,,0.521428571,
s1,chrXVI,154872,T,C,SRP72,SYN,SYN,0,,,,,,,,,,,,0.482352941,,,,,,,,,,,,0.551724138,
s1,chrXVI,488692,T,C,,Intergenic,,0,,,,,,,,,,,,0.5,,,,,,,,,,,,0.490909091,
s2,chrI,10211,C,A,YAL066W,NON,his to N,0,,,,,,,,,,,,0,,,,,,,,,,,,0.461538462,
s2,chrI,11435,T,C,XUT,Intergenic,,0,,,,,,,,,,,,0,,,,,,,,,,,,0.56,
s2,chrII,94040,G,A,UPB13,NON,PRO - VAL,0,,,,,,,,,,,,0,,,,,,,,,,,,0.919642857,
s2,chrII,348828,C,T,YBR056W,NON,P-->S,0,,,,,,,,,,,,0.014925373,,,,,,,,,,,,0.534653465,
s2,chrII,197660,C,A,,Intergenic,,0,,,,,,,,,,,,0.055555556,,,,,,,,,,,,0.490384615,
s2,chrII,643854,T,G,,Intergenic,,0,,,,,,,,,,,,0.333333333,,,,,,,,,,,,0,
s2,chrIV,630672,G,A,,Intergenic,,0,,,,,,,,,,,,0,,,,,,,,,,,,0.432098765,
s2,chrIV,166142,A,G,CDC9 ,NON,LEU TO PRO,0,,,,,,,,,,,,0,,,,,,,,,,,,0.596153846,
s2,chrIV,1387650,G,T,STP1,NON,R-->I,0,,,,,,,,,,,,0,,,,,,,,,,,,0.411111111,
s2,chrIV,1484018,A,G,SPS2,NON,S-->P,0,,,,,,,,,,,,0,,,,,,,,,,,,0.425531915,
s2,chrIV,1345005,A,G,APT2,Syn,Syn,0,,,,,,,,,,,,0,,,,,,,,,,,,0.396039604,
s2,chrIV,659114,G,T,STE5,NON,LEU TO PHE,0,,,,,,,,,,,,0.308823529,,,,,,,,,,,,0.40776699,
s2,chrIV,319688,C,A,VAM6,NON,GLY TO CYS,0,,,,,,,,,,,,0.480392157,,,,,,,,,,,,0.591666667,
s2,chrIV,1091152,T,A,rad34,SYN,,0,,,,,,,,,,,,0.480769231,,,,,,,,,,,,0.511811024,
s2,chrIX,120299,G,T,STH1,NON,ASP TO TYR,0,,,,,,,,,,,,0.5,,,,,,,,,,,,0.427272727,
s2,chrV,443568,T,A,TY1 LTR,Intergenic,,0,,,,,,,,,,,,0.196,,,,,,,,,,,,0.217391304,
s2,chrV,517306,G,T,DNF1,NON,V-->F,0,,,,,,,,,,,,0.489130435,,,,,,,,,,,,0.573770492,
s2,chrVI,32017,AT,A,,Intergenic,,0,,,,,,,,,,,,0,,,,,,,,,,,,0.443298969,
s2,chrVII,131031,T,C,DSD1,SYN,SYN,0,,,,,,,,,,,,0,,,,,,,,,,,,0.5,
s2,chrVII,268035,G,T,RSM23,SYN,SYN,0,,,,,,,,,,,,0,,,,,,,,,,,,0.431818182,
s2,chrVII,677919,C,A,,Intergenic,,0,,,,,,,,,,,,0.018181818,,,,,,,,,,,,0.425287356,
s2,chrVIII,63864,C,A,SPO11,NON,C-->F,0,,,,,,,,,,,,0,,,,,,,,,,,,0.75,
s2,chrVIII,132065,A,T,,Intergenic,,0,,,,,,,,,,,,0.2,,,,,,,,,,,,0.333333333,
s2,chrVIII,131753,T,C,,Intergenic,,0,,,,,,,,,,,,0.49122807,,,,,,,,,,,,0.5625,
s2,chrVIII,131723,C,T,,Intergenic,,0,,,,,,,,,,,,0.508474576,,,,,,,,,,,,0.519480519,
s2,chrVIII,131730,A,C,,Intergenic,,0,,,,,,,,,,,,0.513043478,,,,,,,,,,,,0.549295775,
s2,chrVIII,131700,T,G,,Intergenic,,0,,,,,,,,,,,,0.536585366,,,,,,,,,,,,0.487804878,
s2,chrVIII,131907,A,T,,Intergenic,,0,,,,,,,,,,,,0.61627907,,,,,,,,,,,,0.425,
s2,chrVIII,63871,G,C,SPO11,NON,H-->D,0,,,,,,,,,,,,0.8,,,,,,,,,,,,0.733333333,
s2,chrX,269338,G,T,ARG3,NON,PRO TO LEU,0,,,,,,,,,,,,0.075471698,,,,,,,,,,,,0.578947368,
s2,chrXI,190500,T,A,OCTONE,NON,SER TO CYS,0,,,,,,,,,,,,0,,,,,,,,,,,,0.4609375,
s2,chrXI,224751,T,C,RAD27,SYN,SYN,0,,,,,,,,,,,,0,,,,,,,,,,,,0.452631579,
s2,chrXI,152623,C,T,XUT,Intergenic,,0,,,,,,,,,,,,0.428571429,,,,,,,,,,,,0.487179487,
s2,chrXI,3887,C,G,YIL177C,NON,G-->R,0,,,,,,,,,,,,0.524752475,,,,,,,,,,,,0.553846154,
s2,chrXII,760741,T,C,,Intergenic,4 BASES AFTER SPH1,0,,,,,,,,,,,,0,,,,,,,,,,,,0.659793814,
s2,chrXII,49330,A,G,,Intergenic,,0,,,,,,,,,,,,0,,,,,,,,,,,,0.495798319,
s2,chrXII,592596,A,G,TRNA-LEU,Intergenic,,0,,,,,,,,,,,,0,,,,,,,,,,,,0.757575758,
s2,chrXII,371860,G,T,HOG1,NON,GLN TO PHE,0,,,,,,,,,,,,0,,,,,,,,,,,,0.471910112,
s2,chrXII,495898,C,A,SEC10,NON,LYS TO ASN,0,,,,,,,,,,,,0,,,,,,,,,,,,0.771428571,
s2,chrXII,583103,C,T,IFH1,NON,ASP TO ASN,0,,,,,,,,,,,,0,,,,,,,,,,,,0.607142857,
s2,chrXII,975312,G,T,SPP382,NON,A TO S,0,,,,,,,,,,,,0,,,,,,,,,,,,0.666666667,
s2,chrXII,1034817,G,T,HMG2,SYN,SYN,0,,,,,,,,,,,,0.012048193,,,,,,,,,,,,1,
s2,chrXII,99467,G,A,HIF1,SYN,SYN,0,,,,,,,,,,,,0.012345679,,,,,,,,,,,,0.492424242,
s2,chrXII,758169,G,T,ATG39,SYN,SYN,0,,,,,,,,,,,,0.025974026,,,,,,,,,,,,1,
s2,chrXIII,638454,G,A,GCV2,NON,STOP,0,,,,,,,,,,,,0,,,,,,,,,,,,0.412280702,
s2,chrXIII,796283,T,A,CUE1,NON,ASP TO GLU,0,,,,,,,,,,,,0,,,,,,,,,,,,0.336538462,
s2,chrXIII,654328,C,T,ICY1,SYN,YN,0,,,,,,,,,,,,0,,,,,,,,,,,,0.483870968,
s2,chrXIII,882230,G,T,FKS3,NON,LEU TO PHE,0,,,,,,,,,,,,0.010526316,,,,,,,,,,,,0.427272727,
s2,chrXIII,874750,A,C,,Intergenic,,0,,,,,,,,,,,,0.016666667,,,,,,,,,,,,0.559139785,
s2,chrXIV,635847,G,T,ARS,Intergenic,Intergenic,0,,,,,,,,,,,,0,,,,,,,,,,,,0.4,
s2,chrXIV,707677,A,C,,Intergenic,Intergenic,0,,,,,,,,,,,,0,,,,,,,,,,,,0.520547945,
s2,chrXIV,182592,A,G,RPA49,NON,SER TO PRO,0,,,,,,,,,,,,0,,,,,,,,,,,,0.494949495,
s2,chrXIV,197213,C,A,ZWF1,NON,ASP TO TYR,0,,,,,,,,,,,,0,,,,,,,,,,,,0.489583333,
s2,chrXIV,738091,A,G,MNT4,NON,SER TO GLY,0,,,,,,,,,,,,0,,,,,,,,,,,,0.484210526,
s2,chrXIV,153340,A,G,POL2,SYN,SYN,0,,,,,,,,,,,,0,,,,,,,,,,,,0.478991597,
s2,chrXIV,17397,G,GC,,Intergenic,,0,,,,,,,,,,,,0.035087719,,,,,,,,,,,,0.465753425,
s2,chrXV,724953,A,G,DED1 UTR,Intergenic,,0,,,,,,,,,,,,0,,,,,,,,,,,,0.673076923,
s2,chrXV,515536,A,T,RAS1,NON,E-->V,0,,,,,,,,,,,,0,,,,,,,,,,,,0.783783784,
s2,chrXV,918042,G,T,PMT3,Syn,Syn,0,,,,,,,,,,,,0,,,,,,,,,,,,0.284552846,
s2,chrXV,295034,C,A,CMK2,NON,D-->Y,0,,,,,,,,,,,,0.473684211,,,,,,,,,,,,0.585858586,
s2,chrXV,1028910,C,T,,Intergenic,,0,,,,,,,,,,,,0.530864198,,,,,,,,,,,,0.301724138,
s2,chrXVI,870634,A,C,,Intergenic,,0,,,,,,,,,,,,0,,,,,,,,,,,,0.631578947,
s2,chrXVI,638374,G,A,HTS1,NON,LEU TO LYS,0,,,,,,,,,,,,0,,,,,,,,,,,,0.535714286,
s2,chrXVI,478653,A,G,ISM1,NON,Y TO H,0,,,,,,,,,,,,0.014492754,,,,,,,,,,,,0.531531532,
s2,chrXVI,12828,TA,T,,Intergenic,,0,,,,,,,,,,,,0.307692308,,,,,,,,,,,,0,
s3,chrI,9211,C,T,,Intergenic,,0,,0.005494505,,0,,0,,0,,0,,0,,0,,0.532051282,,0.519230769,,,,0.426666667,,0.458333333,
s3,chrIII,253,CCA,C,,Intergenic,,0,,0.086956522,,0,,0,,0.333333333,,0.125,,0,,0,,0.166666667,,0,,,,0,,0,
s3,chrIII,757,A,AC,,Intergenic,,0,,0,,0,,0,,0,,0,,0,,0,,0,,0.131313131,,,,0.26035503,,0.213114754,
s3,chrIV,765321,T,C,,Intergenic,,0,,0,,0,,0,,0,,0,,0,,0,,0,,0.588235294,,,,0.555555556,,0.497797357,
s3,chrIX,80862,A,G,SSL1,NON,VAL --> ALA,0,,0,,0,,0,,0,,0,,0,,0,,0,,0.230769231,,,,0.4,,0.547297297,
s3,chrV,294068,C,A,MOT2,NON,ALA --> GLU,0,,0.010638298,,0,,0,,0,,0,,0,,0,,0.577981651,,0.56,,,,0.34375,,0.596385542,
s3,chrV,441321,C,A,,intergenic,,0,,0,,0,,0,,0,,0.008695652,,0,,0,,0,,0.194444444,,,,0.221153846,,0.125,
s3,chrVI,46620,T,G,,Intergenic,,0,,0,,0,,0,,0,,0.027777778,,0,,0,,0,,0.043478261,,,,0.181818182,,0.424050633,
s3,chrVI,246297,A,G,RMD8,Syn,,0,,0,,0.010204082,,0.009174312,,0.012195122,,0,,0,,0,,0,,0.620689655,,,,0.5,,0.542857143,
s3,chrVII,296660,C,A,SLD3,NON,LEU --> ISO,0,,0,,0.008928571,,0,,0,,0,,0,,0,,0.147058824,,0.266666667,,,,0.511627907,,0.356725146,
s3,chrVII,480414,C,A,PMA1,NON,TRP --> LEU,0,,0,,0,,0,,0,,0.013888889,,0,,0.008264463,,0.580246914,,0.45,,,,0.538461538,,0.438888889,
s3,chrVII,574678,G,T,ARS AND TY2,Intergenic,,0,,0.009259259,,0.018518519,,0,,0.014492754,,0.010638298,,0,,0,,0.478873239,,0.514285714,,,,0.411764706,,0.469879518,
s3,chrVII,884523,G,T,PDX1,SYN,,0,,0,,0,,0,,0.012345679,,0,,0,,0,,0.189189189,,0.714285714,,,,0.40625,,0.506849315,
s3,chrVII,1021426,A,T,MES1,Intergenic,,0,,0,,0,,0.014925373,,0,,0,,0,,0,,0,,0.294117647,,,,0.545454545,,0.561643836,
s3,chrVII,1079039,T,G,,Intergenic,,0,,0,,0,,0,,0,,0,,0,,0,,0.581395349,,0.388888889,,,,0.444444444,,0.545454545,
s3,chrX,708842,A,G,DAN1,NON,LEU --> PRO,0,,0,,0.007518797,,0,,0,,0,,0,,0,,0,,0.046511628,,,,0.2,,0.396907216,
s3,chrX,745728,G,T,,TELOMERE,,0,,0.052631579,,0.142857143,,0.090909091,,0.105263158,,0.076923077,,0,,0,,0.210526316,,0.357142857,,,,0.307692308,,0.095238095,
s3,chrX,745730,T,G,,TELOMERE,,0,,0,,0.181818182,,0.111111111,,0.117647059,,0.043478261,,0,,0,,0.25,,0.285714286,,,,0.363636364,,0.111111111,
s3,chrXI,280966,C,A,,intergenic,,0,,0,,0,,0.054054054,,0,,0,,0.2,,0.033333333,,0,,0,,,,0.052631579,,0.105263158,
s3,chrXII,95382,AT,A,,Intergenic,,0,,0.214285714,,0.055555556,,0,,0.117647059,,0.026315789,,0.142857143,,0.134328358,,0,,0,,,,0,,0,
s3,chrXII,150566,C,T,,Intergenic,,0,,0.025641026,,0.035714286,,0.04,,0,,0.037037037,,0.25,,0.111111111,,0.037037037,,0.111111111,,,,0.071428571,,0.022727273,
s3,chrXII,220712,A,T,,Intergenic,,0,,0.058823529,,0,,0,,0,,0,,0,,0,,0.090909091,,0,,,,0.25,,0.142857143,
s3,chrXII,369857,TG,T,CCW12,non,FS,0,,0,,0,,0,,0,,0,,0,,0,,0.14516129,,0.5625,,,,0.64,,0.420560748,
s3,chrXII,830436,C,A,,Intergenic,,0,,0,,0,,0,,0,,0,,0,,0,,0.230769231,,0.9,,,,1,,0.989189189,
s3,chrXII,866476,G,A,,Intergenic,,0,,0,,0,,0,,0,,0,,0,,0,,0.351351351,,0.105263158,,,,0.076923077,,0,
s3,chrXIII,576939,C,A,YMR160W,NON,GLN --> LYS,0,,0,,0,,0.009259259,,0,,0.018867925,,0,,0,,0.220930233,,0.454545455,,,,0.64,,0.511961722,
s3,chrXIV,33547,C,A,KRE1,NON,TRP --> ASN,0,,0,,0,,0.017857143,,0,,0,,0,,0,,0,,0.314285714,,,,0.426229508,,0.439393939,
s3,chrXIV,415281,G,T,DPB2,STOP,,0,,0.042553191,,0,,0.021276596,,0.037037037,,0.060606061,,0.090909091,,0.042553191,,0,,0.428571429,,,,0.346153846,,0.457142857,
s3,chrXIV,502477,C,A,SUN4,NON,ASN --> LYS,0,,0,,0,,0,,0,,0,,0,,0,,0,,0,,,,0.128205128,,0.432624113,
s3,chrXIV,724456,A,C,,intergenic,,0,,0,,0,,0,,0,,0,,0,,0,,0.166666667,,0.333333333,,,,0.567567568,,0.521126761,
s3,chrXV,442661,G,T,,intergenic,,0,,0,,0.009345794,,0,,0,,0,,0,,0,,0,,0.176470588,,,,0.352941176,,0.576576577,
s3,chrXV,537068,T,C,,intergenic,,0,,0.133333333,,0.095238095,,0,,0.222222222,,0.052631579,,0,,0,,0,,0,,,,0,,0.04,
s3,chrXV,814891,C,A,GCD1,Non,P-->Q,0,,0,,0,,0,,0,,0,,0,,0,,0.102272727,,0.454545455,,,,0.43902439,,0.497142857,
s3,chrXV,991526,A,G,CIN1,Non,K-->E,0,,0,,0,,0,,0,,0,,0,,0,,0.020408163,,0.1,,,,0.166666667,,0.366906475,
s3,chrXV,1028910,C,T,,intergenic,,0,,0,,0,,0,,0,,0,,0,,0,,0.504854369,,0.722222222,,,,0.829268293,,0.52866242,
s3,chrXVI,188826,A,C,,intergenic,,0,,0.023255814,,0,,0,,0.03030303,,0,,0,,0.016666667,,0.5,,0.533333333,,,,0.565217391,,0.460176991,
s3,chrXVI,332137,T,C,BEM3,NON,GLU --> GLY,0,,0,,0,,0,,0,,0,,0,,0,,0,,0.24137931,,,,0.462962963,,0.412371134,
s3,chrXVI,720413,A,G,ASR1,STOP,,0,,0,,0,,0,,0,,0,,0,,0,,0.010204082,,0.472222222,,,,0.475,,0.542168675,
s4,chrXV,667715,G,T,,Intergenic,,0,,0.16,,0,,0.076923077,,0.117647059,,,,0,,0.068965517,,0.153846154,,0.041666667,,0.032258065,,0,,0.027777778,
s4,chrII,238209,A,C,,Intergenic,,0,,0.2,,0,,0,,0.047619048,,,,0,,0,,0,,0.142857143,,0.066666667,,0.125,,0.045454545,
s4,chrII,238276,T,G,CEN2,Intergenic,,0,,0,,0,,0,,0,,,,0,,0,,0.125,,0.363636364,,0.363636364,,0,,0.588235294,
s4,chrII,353618,T,C,,Intergenic,,0,,0,,0.166666667,,0,,0,,,,0,,0.166666667,,0.1,,0.125,,0,,0,,0,
s4,chrII,353620,T,C,,Intergenic,,0,,0,,0.166666667,,0,,0,,,,0,,0.166666667,,0,,0,,0,,0,,0,
s4,chrII,392766,G,C,,Intergenic,,0,,0,,0,,0,,0,,,,0,,0,,0,,0.026315789,,0.142857143,,0.071428571,,0.293103448,
s4,chrII,562981,G,T,,Intergenic,,0,,0.047619048,,0,,0,,0,,,,0,,0,,0.066666667,,0.117647059,,0,,0,,0.105263158,
s4,chrII,589311,A,G,,Intergenic,,0,,0.019230769,,0,,0,,0,,,,0.285714286,,0.159090909,,0.03125,,0,,0,,0,,0,
s4,chrII,606064,G,C,,Intergenic,,0,,0,,0.025641026,,0,,0.078947368,,,,0.181818182,,0.230769231,,0,,0,,0,,0.03125,,0,
s4,chrII,643285,A,T,,Intergenic,,0,,0,,0.125,,0.076923077,,0,,,,0,,0,,0.083333333,,0.058823529,,0,,0.090909091,,0.038461538,
s4,chrII,725627,G,C,,Intergenic,,0,,0,,0,,0,,0,,,,0,,0,,0.05,,0.05,,0.109090909,,0,,0.285714286,
s4,chrIII,84265,T,TC,,Intergenic,,0,,0.333333333,,0,,0.2,,0.142857143,,,,0,,0.166666667,,0.142857143,,0,,0.25,,0,,0.125,
s4,chrIII,286161,G,A,CDC39,Non,W-->*,0,,0,,0.035714286,,0,,0.181818182,,,,0.25,,0.111111111,,0,,0.011235955,,0,,0,,0,
s4,chrIV,56996,A,C,,Intergenic,,0,,0.071428571,,0.076923077,,0,,0.166666667,,,,0,,0.125,,0,,0.083333333,,0.125,,0,,0.05,
s4,chrIV,56998,A,G,,Intergenic,,0,,0.083333333,,0.1,,0,,0.071428571,,,,0,,0.142857143,,0,,0.111111111,,0.142857143,,0,,0.058823529,
s4,chrIV,57000,A,C,,Intergenic,,0,,0.083333333,,0.25,,0,,0,,,,0,,0.153846154,,0,,0.272727273,,0.25,,0,,0.058823529,
s4,chrIV,124225,T,G,PPH22,Non,H-->P,0,,0,,0.444444444,,0.488888889,,0.411764706,,,,0.4,,0.411764706,,0.5,,0.591549296,,0.52238806,,0.571428571,,0.504504505,
s4,chrIV,778826,T,A,,Intergenic,,0,,0,,0,,0,,0,,,,0,,0.133333333,,0.1,,0.05,,0,,0,,0,
s4,chrIV,778827,A,T,,Intergenic,,0,,0,,0,,0,,0,,,,0,,0.058823529,,0.083333333,,0.041666667,,0.1,,0.111111111,,0,
s4,chrIV,782577,T,C,SEC1,Syn,,0,,0,,0,,0,,0,,,,0.222222222,,0.151515152,,0,,0.032258065,,0,,0,,0,
s4,chrIV,1036642,G,A,INM2,Non,G-->S,0,,0,,0,,0,,0,,,,0,,0.194444444,,0.041666667,,0,,0,,0.090909091,,0.012987013,
s4,chrIV,1426459,T,G,VPS72,Non,K-->Q,0,,0,,0,,0,,0,,,,0,,0,,0.142857143,,0.512820513,,0.541666667,,0.0625,,0.421052632,
s4,chrV,95303,C,A,ECM10,Syn,,0,,0,,0,,0,,0,,,,0.25,,0.166666667,,0.344827586,,0.403508772,,0.612244898,,0.416666667,,0.488095238,
s4,chrV,431643,T,TTC,,Intergenic,,0,,0,,0,,0,,0,,,,0,,0,,0,,0.035714286,,0.125,,0,,0.06779661,
s4,chrV,436230,C,T,,Intergenic,,0,,0,,0.010204082,,0,,0.008333333,,,,0,,0.016806723,,0.016129032,,0.104712042,,0.208737864,,0,,0.168,
s4,chrV,436263,T,C,,Intergenic,,0,,0,,0,,0,,0,,,,0,,0,,0.017094017,,0.134715026,,0.229665072,,0,,0.2,
s4,chrVI,195838,C,A,ATG18,Non,S-->*,0,,0.026315789,,0.069767442,,0.638888889,,0.46969697,,,,0.4,,0.450980392,,0.46875,,0.545454545,,0.564102564,,0.379310345,,0.492537313,
s4,chrVII,731136,G,T,tN(GUU)G,(tRNA-Asn),,0,,0,,0.153846154,,0.5,,0.5,,,,0.333333333,,0.580645161,,0.48,,0.069767442,,0.108108108,,0.25,,0,
s4,chrVII,1043789,T,G,,Intergenic,,0,,0.058823529,,0.083333333,,0.090909091,,0.142857143,,,,0,,0,,0,,0,,0.105263158,,0,,0.032258065,
s4,chrVIII,22046,A,G,EFM1,Syn,,0,,0,,0,,0,,0,,,,0,,0.111111111,,0,,0,,0,,0,,0,
s4,chrIX,163050,A,T,,Intergenic,,0,,0,,0,,0.035714286,,0.029411765,,,,0,,0.03030303,,0.066666667,,0.046511628,,0.24,,0.125,,0.046511628,
s4,chrX,330704,G,T,ZAP1,Non,H-->Q,0,,0,,0,,0,,0,,,,0,,0,,0,,0.025641026,,0.132075472,,0.041666667,,0.29,
s4,chrXI,119580,G,T,ZRT3,Syn,,0,,0,,0,,0,,0,,,,0,,0.181818182,,0,,0,,0,,0.035714286,,0,
s4,chrXI,147430,G,A,,Intergenic,,0,,0,,0,,0,,0,,,,0.4,,0.25,,0,,0,,0,,0,,0,
s4,chrXI,311891,T,C,NUP100,Non,S-->P,0,,0,,0,,0,,0,,,,0,,0,,0,,0.034482759,,0.12244898,,0,,0.206185567,
s4,chrXI,382559,T,C,YKL030W,Syn,,0,,0,,0,,0,,0,,,,0,,0.142857143,,0,,0,,0,,0,,0,
s4,chrXI,520027,G,A,UTH1,Syn,,0,,0,,0.1,,0.4375,,0.512820513,,,,0.444444444,,0.571428571,,0.555555556,,0.55,,0.37037037,,0.35,,0.504587156,
s4,chrXI,635483,T,A,,Intergenic,,0,,0,,0.066666667,,0.125,,0,,,,0,,0,,0,,0.043478261,,0,,0.285714286,,0,
s4,chrXII,468928,G,GT,YLR154C-H,Non,FS,0,,0.2,,0,,0,,0,,,,0.333333333,,0,,0.3125,,0,,0,,0.4,,0.125,
s4,chrXIV,219744,C,G,URE2,Non,A-->P,0,,0.054054054,,0.53125,,0.551724138,,0.675,,,,0.642857143,,0.382978723,,0.525,,0.574074074,,0.388888889,,0.518518519,,0.504504505,
s4,chrXIV,732622,G,A,BIO5,Non,P-->L,0,,0,,0,,0,,0.041666667,,,,0,,0.468085106,,0.454545455,,0.525423729,,0.608108108,,0.259259259,,0.390243902,
s4,chrXV,27,C,A,,Intergenic,,0,,0,,0,,0.125,,0.1,,,,0,,0,,0.052631579,,0,,0,,0.090909091,,0.055555556,
s4,chrXV,301846,C,A,HRD1,Non,C-->F,0,,0,,0.234042553,,1,,1,,,,1,,1,,1,,0.962264151,,1,,1,,0.990990991,
s4,chrXV,778487,C,T,,Intergenic,,0,,0.083333333,,0,,0,,0,,,,0,,0.12,,0.041666667,,0.15,,0.041666667,,0,,0.048780488,
s4,chrXV,897004,TCTTTTCTTC,T,YOR309C,Non,inframe_indel,0,,0,,0.055555556,,0.411764706,,0.2,,,,0.8,,0.761904762,,0.947368421,,1,,1,,0.8,,0.977011494,
s4,chrXV,897007,T,C,YOR309C,Syn,,0,,0,,0,,0.125,,0.083333333,,,,0,,0.230769231,,0.6,,0.2,,0.5,,0.166666667,,0.147058824,
s4,chrXV,897011,T,A,YOR309C,Non,K-->M,0,,0,,0,,0.066666667,,0.04,,,,0,,0.181818182,,0.555555556,,0.1875,,0.4375,,0.1,,0.125,
s4,chrXVI,197464,G,A,MRN1,Non,Q-->*,0,,0,,0,,0,,0,,,,0.5,,0.725,,0.833333333,,0.966101695,,0.961538462,,0.823529412,,1,
s4,chrXVI,858923,G,T,KRE6,Non,W-->C,0,,0,,0,,0,,0.11627907,,,,0,,0.37254902,,0.609756098,,0.561403509,,0.549295775,,0.517241379,,0.476190476,
s4,chrX,84292,G,T,MNN11,stop,,0,,0,,0,,0,,0,,,,0,,0.480769231,,0.461538462,,0.392156863,,0.470588235,,0.461538462,,0.462962963,
s5,chrI,85572,C,A,GIP4,Non,R-->M,0,,0,0,0,0,,0,0,0.022727273,0,,0,0.111111111,0.123076923,0.083333333,0,0,0,0,,,0,0,0,
s5,chrII,309103,C,T,CSG2,SYN,,0,,0,0.012987013,0,0.01754386,,0.008130081,0,0,0.012048193,,0,0,0.00990099,0.162162162,0.084210526,0.291666667,0.346938776,0.423076923,,,0.454545455,0.485714286,0.428571429,
s5,chrII,675346,G,A,SLX1,NON,ASP -->ASN,0,,0,0,0,0,,0,0,0,0,,0.373333333,0.245454545,0.375,0.111111111,0.263157895,0.133333333,0,0,,,0.010309278,0,0.011235955,
s5,chrII,707450,A,G,,Intergenic,,0,,0,0,0,0.025,,0,0.013333333,0,0,,0,0,0,0.208333333,0.129032258,0.326923077,0.272727273,0.355555556,,,0.425531915,0.566037736,0.520833333,
s5,chrIII,148630,T,C,,Intergenic,,0,,0,0,0,0,,0,0,0,0.2,,0.076923077,0.125,0,0,0,0.142857143,0,0,,,0.071428571,0.166666667,0,
s5,chrIII,148635,T,A,,Intergenic,,0,,0,0,0,0,,0,0,0,0,,0.090909091,0,0,0,0,0.142857143,0,0,,,0,0.2,0,
s5,chrIII,169445,T,A,,Intergenic,,0,,0.066037736,0.075,0.060606061,0.16969697,,0.004830918,0.021164021,0.037735849,0.033175355,,0,0.010810811,0.064705882,0.077669903,0.016759777,0.121019108,0.050420168,0,,,0.020080321,0.0625,0.019512195,
s5,chrIII,285873,TA,T,CDC39,FS,,0,,0,0,0.017094017,0.013513514,,0.015384615,0,0,0,,0,0,0.018181818,0.293333333,0.231788079,0.382352941,0.517857143,0.531818182,,,0.644444444,0.623931624,0.596059113,
s5,chrIII,292578,A,G,HMR,Intergenic,,0,,0,0.25,0.037037037,0.115384615,,0,0.020833333,0.047619048,0.038461538,,0,0.045454545,0,0.0625,0.044444444,0.03030303,0.043478261,0,,,0.029850746,0.083333333,0,
s5,chrIII,292580,A,C,HMR,Intergenic,,0,,0,0.333333333,0.038461538,0.166666667,,0,0.020408163,0.047619048,0.037037037,,0,0.043478261,0,0.0625,0.043478261,0.0625,0.043478261,0,,,0,0.078947368,0,
s5,chrIII,292582,A,C,HMR,Intergenic,,0,,0.083333333,0.5,0.04,0.052631579,,0,0.02,0.047619048,0.04,,0,0.086956522,0,0.142857143,0.047619048,0.033333333,0.047619048,0.015151515,,,0.014925373,0.085714286,0,
s5,chrIII,292584,A,T,HMR,Intergenic,,0,,0,0.4,0,0.058823529,,0,0,0,0.055555556,,0,0.1,0,0,0,0.05,0,0,,,0,0.086956522,0,
s5,chrIV,149163,T,C,,Intergenic,,0,,0.2,0,0.058823529,0,,0,0.071428571,0,0,,0,0.066666667,0,0,0,NaN,0.333333333,0.058823529,,,0.066666667,0.166666667,0,
s5,chrIV,149165,A,G,,Intergenic,,0,,0.25,0,0.055555556,0,,0,0.058823529,0,0,,0,0,0,0,0.071428571,0,0.333333333,0,,,0.117647059,0.166666667,0,
s5,chrIV,227132,G,T,,Intergenic,,0,,0,0,0,0,,0.008333333,0,0,0,,0,0,0,0,0,0.011904762,0,0,,,0.141176471,0.233009709,0.2,
s5,chrIV,312105,G,T,,Intergenic,,0,,0,0.008264463,0.010309278,0,,0,0,0,0,,0,0.005347594,0,0,0.008474576,0.014492754,0.016666667,0,,,0.216216216,0.309278351,0.25974026,
s5,chrIV,323694,A,C,,Intergenic,,0,,0.133333333,0.25,0.039215686,0,,0.016949153,0.032786885,0,0.036363636,,0,0.022222222,0.103448276,0.058823529,0.019230769,0,0.181818182,0.014285714,,,0.035714286,0.085106383,0,
s5,chrIV,386072,A,G,,Intergenic,,0,,0.095238095,0.071428571,0.026315789,0,,0.045454545,0.076923077,0.0625,0.037037037,,0.027027027,0.037037037,0.028571429,0.133333333,0.032258065,0.136363636,0,0.021276596,,,0.018181818,0,0.017857143,
s5,chrIV,390423,C,T,,Intergenic,,0,,0.045454545,0,0.086956522,0,,0,0.033333333,0,0,,0.15,0.034482759,0.095238095,0,0.058823529,0.086956522,0,0.05,,,0.037037037,0.05,0.111111111,
s5,chrIV,674623,A,G,,Intergenic,,0,,0,0.013513514,0,0,,0.018518519,0.015151515,0.021276596,0,,0.016393443,0,0,0,0.021276596,0,0.03125,0,,,0.125,0.125,0.188679245,
s5,chrIV,831013,G,A,,Intergenic,,0,,0,0,0,0,,0,0,0,0,,0,0,0,0,0,0,0,0.019607843,,,0.215827338,0.108695652,0.226993865,
s5,chrIV,864879,A,C,,Intergenic,,0,,0.045454545,0,0.08,0.090909091,,0,0,0.125,0.157894737,,0,0.105263158,0.083333333,0.2,0.058823529,0,0.125,0,,,0.083333333,0.096774194,0.05,
s5,chrIV,864881,A,C,,Intergenic,,0,,0,0,0.04,0.083333333,,0,0.038461538,0.055555556,0.157894737,,0,0.0625,0.076923077,0,0,0.066666667,0,0.068965517,,,0.096774194,0,0.052631579,
s5,chrIV,926393,G,T,COX20,NON,Q --> LYS,0,,0.014925373,0,0,0,,0,0.043478261,0.074074074,0.033898305,,0.052631579,0.152777778,0.071428571,0.3125,0.213114754,0.333333333,0.666666667,0.476744186,,,0.50617284,0.583333333,0.43956044,
s5,chrIV,981180,A,G,,Intergenic,,0,,0.005714286,0,0,0,,0.006944444,0,0,0,,0.077922078,0.182481752,0.169354839,0.017241379,0.183333333,0.079545455,0.017241379,0.006493506,,,0,0,0.006896552,
s5,chrIV,1385479,A,C,,Intergenic,,0,,0.075,0.103448276,0.087719298,0.051282051,,0,0.050632911,0.071428571,0.129032258,,0.037735849,0.104166667,0.08,0.021276596,0.06557377,0.063829787,0.033333333,0.014492754,,,0.036363636,0.016666667,0.020833333,
s5,chrIV,1438113,C,T,,Intergenic,,0,,0,0,0,0,,0,0,0,0,,0,0,0.027777778,0.034482759,0.226666667,0.333333333,0.363636364,0.409090909,,,0.485714286,0.431818182,0.454545455,
s5,chrV,174087,C,A,,Intergenic,,0,,0,0,0,0,,0,0,0,0.0125,,0.047169811,0.083333333,0,0.37254902,0.20212766,0.309859155,0.414634146,0.394957983,,,0.413793103,0.486111111,0.464052288,
s5,chrV,228923,A,T,HVG1,NON,MET-->LYS,0,,0,0,0,0.019230769,,0,0,0,0.030927835,,0.021505376,0.090909091,0.075949367,0.307692308,0.243243243,0.516666667,0.40625,0.386792453,,,0.495049505,0.486486486,0.480769231,
s5,chrV,249711,C,T,,Intergenic,,0,,0,0,0,0,,0.005154639,0,0,0.020547945,,0.053097345,0.156565657,0.101796407,0.252525253,0.176136364,0.435897436,0.407894737,0.539325843,,,0.537383178,0.478991597,0.407643312,
s5,chrV,305815,T,A,,Intergenic,,0,,0.0625,0,0,0.1,,0,0.04,0,0.095238095,,0,0,0.034482759,0.333333333,0,0,0.055555556,0.0625,,,0.029411765,0,0,
s5,chrV,320457,A,C,AIM9,SYN,,0,,0,0,0,0,,0.012345679,0,0,0,,0.074074074,0.141176471,0.101449275,0.382352941,0.27027027,0.365384615,0.43902439,0.441176471,,,0.477272727,0.428571429,0.483050847,
s5,chrV,420772,A,C,,Intergenic,,0,,0,0.142857143,0,0,,0,0.1,0,0,,0,0,0.142857143,0,0,0.25,0,0,,,0,0.25,0,
s5,chrV,420793,G,A,,Intergenic,,0,,0.1,0.111111111,0,0.1,,0,0,0,0.045454545,,0,0.05,0,0,0.045454545,0,0.142857143,0.027777778,,,0.075,0,0.037037037,
s5,chrV,472109,G,T,,Intergenic,,0,,0,0,0,0,,0,0,0,0,,0.030927835,0.03875969,0.041237113,0.052631579,0.168316832,0.2,0.055555556,0.010638298,,,0,0,0.022727273,
s5,chrV,538352,A,C,,Intergenic,,0,,0.222222222,0.166666667,0.047619048,0,,0,0,0.047619048,0,,0,0.173913043,0,0,0.08,0.076923077,0,0.028571429,,,0,0,0.035714286,
s5,chrV,538353,A,T,,Intergenic,,0,,0.25,0.181818182,0.047619048,0,,0,0,0.05,0,,0,0.142857143,0,0,0.045454545,0,0,0,,,0,0,0.035714286,
s5,chrVI,201040,CA,C,PES4,FS,,0,,0,0,0.018518519,0,,0.019607843,0.213114754,0.166666667,0.2,,0.414634146,0.402439024,0.319148936,0.12,0.162790698,0.225,0,0.051724138,,,0.013888889,0,0,
s5,chrVI,253481,G,C,,Intergenic,,0,,0.056451613,0.060240964,0.054545455,0.082191781,,0.012195122,0.051020408,0.010989011,0.103896104,,0.015151515,0.011111111,0.038834951,0.117647059,0.053435115,0.042857143,0.05,0.043859649,,,0.059602649,0.048192771,0.011904762,
s5,chrVII,89665,G,GA,,Intergenic,,0,,0,0,0,0,,0,0.058823529,0,0,,0,0.05,0,0.181818182,0,0,0.272727273,0.052631579,,,0.071428571,0,0,
s5,chrVII,307207,T,G,,Intergenic,,0,,0.307692308,0.142857143,0.142857143,0.1,,0.05,0.095238095,0,0.125,,0,0.133333333,0,0,0,0,0,0.032258065,,,0,0,0,
s5,chrVII,446342,C,A,,Intergenic,,0,,0.01010101,0,0,0,,0,0,0,0,,0,0.020833333,0.01010101,0.272727273,0.174418605,0.378787879,0.42,0.390243902,,,0.470588235,0.549295775,0.413793103,
s5,chrVII,485901,C,A,,Intergenic,,0,,0.136363636,0.19047619,0.047619048,0.166666667,,0.3125,0.101694915,0.131578947,0.153846154,,0.029411765,0.133333333,0.043478261,0.133333333,0.119047619,0.205128205,0.055555556,0.125,,,0.080645161,0.222222222,0.065789474,
s5,chrVII,701180,G,T,,Intergenic,,0,,0.111111111,0.115384615,0.086956522,0.071428571,,0.0625,0,0,0,,0.166666667,0,0.277777778,0.2,0.222222222,0,0,0.107142857,,,0.19047619,0.25,0.25,
s5,chrVII,781425,C,A,,Intergenic,,0,,0,0,0,0,,0,0,0.111111111,0.05,,0.041666667,0.125,0.027777778,0.348837209,0.213333333,0.509433962,0.484848485,0.4,,,0.376068376,0.431034483,0.47706422,
s5,chrVII,1069629,G,T,,Intergenic,,0,,0,0,0,0,,0,0,0.016949153,0,,0,0.006896552,0.009615385,0.239130435,0.261363636,0.31147541,0.5,0.430555556,,,0.484126984,0.676923077,0.680672269,
s5,chrVIII,391954,A,G,,Intergenic,,0,,0.0625,0.125,0.041666667,0.111111111,,0.0625,0,0.153846154,0.066666667,,0,0.1,0,0,0.111111111,0,0,0.035714286,,,0.15,0,0,
s5,chrIX,105430,T,A,,Intergenic,,0,,0.1,0.117647059,0,0.066666667,,0.023255814,0.020408163,0,0.08,,0,0.03125,0,0,0,0.103448276,0,0.088888889,,,0.035087719,0.096774194,0.043478261,
s5,chrIX,163205,A,C,,Intergenic,,0,,0.052631579,0.166666667,0.03030303,0.090909091,,0,0.027027027,0,0,,0,0.022222222,0,0,0,0.2,0,0.085714286,,,0.028985507,0,0.046153846,
s5,chrX,245298,A,T,,Intergenic,,0,,0.25,0.111111111,0,0.25,,0.038461538,0,0.038461538,0,,0,0,0,0.05,0.03030303,0,0.111111111,0,,,0.064516129,0,0,
s5,chrX,436287,C,A,,Intergenic,,0,,0,0,0,0,,0,0,0,0.095238095,,0.024390244,0.022222222,0.03125,0.2,0.259259259,0.368421053,0.470588235,0.479166667,,,0.333333333,0.28,0.458333333,
s5,chrX,589362,C,T,BIR1,SYN,,0,,0,0,0,0,,0,0,0,0,,0.009708738,0,0.026315789,0.041666667,0.19047619,0.180327869,0.388888889,0.333333333,,,0.594059406,0.404255319,0.597122302,
s5,chrXI,142688,G,C,,Intergenic,,0,,0.05952381,0.06,0.041666667,0.125,,0.076190476,0.097345133,0.071428571,0.04,,0.009708738,0.005847953,0.064102564,0.063829787,0.098901099,0.303030303,0.301587302,0.101123596,,,0.020618557,0.126760563,0,
s5,chrXI,142690,A,C,,Intergenic,,0,,0.071428571,0.0625,0.04109589,0.144927536,,0.076923077,0.098214286,0.070588235,0.04040404,,0.009803922,0.005813953,0.061728395,0.066666667,0.1,0.291262136,0.301587302,0.101123596,,,0.021276596,0.130434783,0,
s5,chrXI,237422,G,T,,Intergenic,,0,,0.02739726,0.027777778,0,0.020833333,,0.118644068,0.153846154,0.161290323,0.222222222,,0.045977011,0.144329897,0.142857143,0.108108108,0,0,0,0.042553191,,,0,0.015151515,0,
s5,chrXII,95414,A,T,,Intergenic,,0,,0.038461538,0,0.137931034,0.095238095,,0,0.0625,0.083333333,0.157894737,,0.083333333,0.153846154,0.083333333,0.071428571,0.058823529,0.2,0,0.076923077,,,0.11627907,0.111111111,0,
s5,chrXII,95425,T,C,,Intergenic,,0,,0.066666667,0.25,0.095238095,0.153846154,,0,0,0.083333333,0,,0,0,0,0.095238095,0,0.5,0,0.047619048,,,0.08,0,0,
s5,chrXII,451386,A,G,,Intergenic,,0,,0.058823529,0.166666667,0,0,,0.045454545,0,0,0,,0,0.068965517,0,0.125,0,0,0.181818182,0.04,,,0.037037037,0,0.041666667,
s5,chrXII,593145,G,A,,Intergenic,,0,,0.153846154,0.071428571,0,0.083333333,,0.133333333,0.153846154,0.166666667,0.058823529,,0,0,0.066666667,0.25,0.2,0.166666667,0,0.142857143,,,0.083333333,0.111111111,0.357142857,
s5,chrXII,656743,G,A,,Intergenic,,0,,0.090909091,0,0.066666667,0.2,,0.363636364,0.045454545,0,0.055555556,,0,0,0,0.125,0.090909091,0,0,0.086956522,,,0.066666667,0,0,
s5,chrXII,873648,A,C,,Intergenic,,0,,0.181818182,0.272727273,0.0625,0,,0.043478261,0.09375,0,0.064516129,,0,0.047619048,0,0,0.035714286,0.086956522,0,0.058823529,,,0.038461538,0,0.034482759,
s5,chrXII,873649,A,T,,Intergenic,,0,,0.285714286,0.3,0.0625,0.2,,0.047619048,0.166666667,0,0.064516129,,0,0.047619048,0.034482759,0,0.037037037,0.041666667,0,0.090909091,,,0.038461538,0,0.035714286,
s5,chrXIII,86968,A,C,,Intergenic,,0,,0.5,0,0.125,0.333333333,,0.111111111,0.4,0,0.1,,0,0.066666667,0.2,0.2,0,0.142857143,0,0.055555556,,,0,0.25,0.1,
s5,chrXIII,561901,A,C,,Intergenic,,0,,0,0.222222222,0.032258065,0,,0,0.03125,0,0.076923077,,0.115384615,0,0,0,0.1,0,0,0,,,0,0.047619048,0.027027027,
s5,chrXIV,219836,G,T,URE2,NON,A-->E,0,,0,0.012345679,0.036363636,0,,0.028169014,0.162790698,0.14893617,0.081632653,,0.478723404,0.35,0.413793103,0.378378378,0.192982456,0.040816327,0.025,0,,,0.034883721,0.016393443,0.055045872,
s5,chrXIV,666240,T,A,,Intergenic,,0,,0,0,0,0,,0,0,0,0.011235955,,0.085714286,0.055045872,0.116883117,0,0.182926829,0.235294118,0.037037037,0.018348624,,,0.008403361,0,0.014925373,
s5,chrXIV,759597,T,C,,Intergenic,,0,,0,0,0,0,,0,0,0,0,,0,0.008695652,0,0.090909091,0.111111111,0.209302326,0.189189189,0.318181818,,,0.38,0.352941176,0.481132075,
s5,chrXV,110815,A,G,,Intergenic,,0,,0,0,0.055555556,0,,0.117647059,0,0,0.055555556,,0,0.052631579,0.064516129,0,0.148148148,0.117647059,0.2,0.074074074,,,0.078947368,0.0625,0.027027027,
s5,chrXV,152314,C,A,HAL9,STOP,STOP,0,,0,0,0,0,,0.010989011,0.011235955,0,0.048543689,,0.095652174,0.098591549,0.076923077,0.230769231,0.252631579,0.412698413,0.538461538,0.4,,,0.483660131,0.543859649,0.493333333,
s5,chrXV,568372,G,T,,Intergenic,,0,,0.017241379,0,0,0,,0,0,0,0,,0,0.011764706,0,0,0,0,0.058823529,0.014285714,,,0.082474227,0.1,0.180327869,
s5,chrXV,676377,C,A,LAS17,NON,Q --> K,0,,0,0,0,0.037037037,,0.025974026,0,0,0.039215686,,0,0,0.028571429,0.178571429,0.172413793,0.305555556,0.423076923,0.296703297,,,0.280487805,0.479166667,0.5,
s5,chrXV,859529,A,G,,Intergenic,,0,,0,0,0,0,,0,0,0,0,,0,0,0.04,0.172413793,0.093023256,0.357142857,0.157894737,0.464788732,,,0.483516484,0.555555556,0.474747475,
s5,chrXVI,555976,A,C,,Intergenic,,0,,0.2,0.333333333,0,0,,0,0.142857143,0,0,,0,0,0,0,0,0,0,0.090909091,,,0,0,0,
s5,chrXVI,646447,T,C,,Intergenic,,0,,0,0,0,0,,0,0,0,0,,0.358208955,0.215189873,0.237288136,0.214285714,0.111111111,0.097560976,0.03125,0,,,0.034482759,0.023255814,0.011494253,
s5,chrXVI,695215,G,T,,Intergenic,,0,,0,0,0,0,,0,0,0,0,,0,0,0.051282051,0.230769231,0.204081633,0.259259259,0.324324324,0.416666667,,,0.47706422,0.651162791,0.536585366,
s6,chrI,141543,A,T,,INTERGEIC,,0,,,,,,,,,,,,0.130434783,,,,,,,,,,,,0.481481481,
s6,chrXIII,917182,A,G,XUT AND UTR,INTERGEIC,,0,,,,,,,,,,,,0,,,,,,,,,,,,0.5,
s6,chrVII,736302,G,A,TY3 LTR,INTERGENIC,,0,,,,,,,,,,,,0.25,,,,,,,,,,,,0.142857143,
s6,chrVII,191826,A,G,YGL166W UTR,INTERGENIC,,0,,,,,,,,,,,,0.22875817,,,,,,,,,,,,0.44,
s6,chrVII,944673,T,C,,INTERGENIC,,0,,,,,,,,,,,,0.168421053,,,,,,,,,,,,0.551181102,
s6,chrXV,552249,G,T,YOR122C UTR,INTERGENIC,,0,,,,,,,,,,,,0.032608696,,,,,,,,,,,,0.452513966,
s6,chrIV,1401436,C,T,,INTERGENIC,,0,,,,,,,,,,,,0.018518519,,,,,,,,,,,,0.488372093,
s6,chrII,119241,A,C,,INTERGENIC,TOD6 3' UTR,0,,,,,,,,,,,,0,,,,,,,,,,,,0.290780142,
s6,chrIV,81462,G,T,,INTERGENIC,,0,,,,,,,,,,,,0,,,,,,,,,,,,0.39,
s6,chrVII,830383,A,T,,INTERGENIC,,0,,,,,,,,,,,,0,,,,,,,,,,,,0.414285714,
s6,chrXI,26427,C,A,INTERGENIC,INTERGENIC,,0,,,,,,,,,,,,0,,,,,,,,,,,,0.981818182,
s6,chrXIII,917184,T,C,,INTERGENIC,,0,,,,,,,,,,,,0,,,,,,,,,,,,0.5,
s6,chrXII,559198,G,T,HRD3,NON,G--> C ,0,,,,,,,,,,,,1,,,,,,,,,,,,0.995575221,
s6,chrVII,145819,GA,G,CDC55,NON,FS,0,,,,,,,,,,,,0.333333333,,,,,,,,,,,,0.506329114,
s6,chrXI,613133,G,T,YKR029C,NON,,0,,,,,,,,,,,,0.333333333,,,,,,,,,,,,0.5,
s6,chrVII,854385,C,A,OKP1,Non,E-->D,0,,,,,,,,,,,,0.260869565,,,,,,,,,,,,0.503759398,
s6,chrXVI,642712,G,T,GLN1,NON,ALA --> SER,0,,,,,,,,,,,,0.228571429,,,,,,,,,,,,0.512195122,
s6,chrXV,235374,T,TCAA,GAL11,Non,inframe_indel,0,,,,,,,,,,,,0.228571429,,,,,,,,,,,,0.474358974,
s6,chrVI,248754,C,T,YMR31,NON,R--> CYS,0,,,,,,,,,,,,0.00990099,,,,,,,,,,,,0.526627219,
s6,chrII,752361,G,A,RIF1,NON,ALA TO VAL,0,,,,,,,,,,,,0,,,,,,,,,,,,0.509615385,
s6,chrIV,332766,G,GA,Bdf2,NON,FS,0,,,,,,,,,,,,0,,,,,,,,,,,,0.347826087,
s6,chrVII,367941,C,A,MPS2,NON,GLY TO CYS,0,,,,,,,,,,,,0,,,,,,,,,,,,0.5125,
s6,chrX,653459,T,C,YJR24C,NON,I TO T,0,,,,,,,,,,,,0,,,,,,,,,,,,0.490740741,
s6,chrXIII,548999,A,C,SIP5,NON,HIS-PRO,0,,,,,,,,,,,,0,,,,,,,,,,,,0.557522124,
s6,chrXVI,216418,A,C,TRE1,NON,PHE--> LEU,0,,,,,,,,,,,,0,,,,,,,,,,,,0.251612903,
s6,chrXI,863,C,A,YIL177C,Non,G-->C,0,,,,,,,,,,,,0,,,,,,,,,,,,0.99047619,
s6,chrXI,864,A,AT,YIL177C,Non,FS,0,,,,,,,,,,,,0,,,,,,,,,,,,0.96,
s6,chrXI,881,C,T,YIL177C,Non,G-->S,0,,,,,,,,,,,,0,,,,,,,,,,,,0.989247312,
s6,chrXI,929,G,GT,YIL177C,Non,FS,0,,,,,,,,,,,,0,,,,,,,,,,,,1,
s6,chrXI,941,T,C,YIL177C,Non,N-->D,0,,,,,,,,,,,,0,,,,,,,,,,,,0.939393939,
s6,chrXI,965,T,A,YIL177C,Non,N-->Y,0,,,,,,,,,,,,0,,,,,,,,,,,,1,
s6,chrXI,973,A,G,YIL177C,Non,L-->P,0,,,,,,,,,,,,0,,,,,,,,,,,,1,
s6,chrXI,1057,G,C,YIL177C,Non,S-->C,0,,,,,,,,,,,,0,,,,,,,,,,,,1,
s6,chrXI,1068,T,C,YIL177C,Non,I-->M,0,,,,,,,,,,,,0,,,,,,,,,,,,1,
s6,chrXVI,859611,T,G,KRE6,Non,Y-->D,0,,,,,,,,,,,,0,,,,,,,,,,,,1,
s6,chrXIV,345731,C,A,GIM3,NON ,ARG TO LEU,0,,,,,,,,,,,,0.4375,,,,,,,,,,,,0.515789474,
s6,chrII,22857,G,T,RGT3,NON ,stop,0,,,,,,,,,,,,0.322033898,,,,,,,,,,,,0,
s6,chrII,524053,C,A,IRA1,NON ,ALA TO LEU,0,,,,,,,,,,,,0.255319149,,,,,,,,,,,,0.507936508,
s6,chrIII,271327,C,A,FIG1,NON ,PHE TO LEU,0,,,,,,,,,,,,0,,,,,,,,,,,,0.312,
s6,chrXV,174294,G,A,IRA2,Syn,,0,,,,,,,,,,,,0.355932203,,,,,,,,,,,,0.378151261,
s6,chrV,459179,T,G,UPB5,SYN,,0,,,,,,,,,,,,0.272727273,,,,,,,,,,,,0.144,
s6,chrXIII,449798,T,C,YMR090W,SYN,,0,,,,,,,,,,,,0.244444444,,,,,,,,,,,,0.485507246,
s6,chrXI,888,A,G,YIL177C,SYN,,0,,,,,,,,,,,,0.010869565,,,,,,,,,,,,0.988888889,
s6,chrVIII,132065,A,T,SPO13,SYN,,0,,,,,,,,,,,,0,,,,,,,,,,,,0.5,
s6,chrX,317649,A,G,LAS21,SYN,,0,,,,,,,,,,,,0,,,,,,,,,,,,0.517241379,
s6,chrXI,861,A,G,YIL177C,Syn,,0,,,,,,,,,,,,0,,,,,,,,,,,,0.990566038,
s6,chrXI,909,A,G,YIL177C,Syn,,0,,,,,,,,,,,,0,,,,,,,,,,,,0.98630137,
s6,chrXI,939,A,G,YIL177C,Syn,,0,,,,,,,,,,,,0,,,,,,,,,,,,1,
s6,chrXI,972,T,C,YIL177C,Syn,,0,,,,,,,,,,,,0,,,,,,,,,,,,1,
s6,chrXI,1011,G,T,YIL177C,Syn,,0,,,,,,,,,,,,0,,,,,,,,,,,,1,
s6,chrXI,1017,C,T,YIL177C,Syn,,0,,,,,,,,,,,,0,,,,,,,,,,,,1,
